Type,Ticket,Symbol,Lots,Buy/sell,Open price,Close price,Open time,Close time,Open date,Close date,Profit,Swap,Commission,Net profit,T/P,S/L,Pips,Result,Trade duration (hours),Magic number,Order comment,Account
Open position,8763259,AUDNZD.PRO,0.45,Buy,1.10463,1.0678,2023/06/20 01:32:19,1970/01/01 00:00:00,2023/06/20,1970/01/01,-1013.39,-372.74,-3.15,-1389.28,0,0,-368.3,Loss,0,76,PineConnector v2.141-11834,compoundit
Open position,8763596,AUDNZD.PRO,0.45,Buy,1.10448,1.0678,2023/06/20 03:03:50,1970/01/01 00:00:00,2023/06/20,1970/01/01,-1009.26,-372.74,-3.15,-1385.15,0,0,-366.8,Loss,0,76,PineConnector v2.141-11862,compoundit
Open position,8763639,AUDNZD.PRO,0.45,Buy,1.10429,1.0678,2023/06/20 03:15:36,1970/01/01 00:00:00,2023/06/20,1970/01/01,-1004.04,-372.74,-3.15,-1379.93,0,0,-364.9,Loss,0,76,PineConnector v2.141-11864,compoundit
Open position,8765347,AUDNZD.PRO,0.45,Buy,1.10313,1.0678,2023/06/20 04:32:34,1970/01/01 00:00:00,2023/06/20,1970/01/01,-972.12,-372.74,-3.15,-1348.01,0,0,-353.3,Loss,0,76,PineConnector v2.141-11906,compoundit
Open position,8765362,AUDNZD.PRO,0.45,Buy,1.1026,1.0678,2023/06/20 04:33:33,1970/01/01 00:00:00,2023/06/20,1970/01/01,-957.53,-372.74,-3.15,-1333.42,0,0,-348,Loss,0,76,PineConnector v2.141-11911,compoundit
Open position,8767585,AUDNZD.PRO,0.45,Buy,1.10121,1.0678,2023/06/20 05:07:20,1970/01/01 00:00:00,2023/06/20,1970/01/01,-919.29,-372.74,-3.15,-1295.18,0,0,-334.1,Loss,0,76,PineConnector v2.141-11958,compoundit
Open position,8769332,AUDNZD.PRO,0.45,Buy,1.09958,1.0678,2023/06/20 05:49:04,1970/01/01 00:00:00,2023/06/20,1970/01/01,-874.44,-372.74,-3.15,-1250.33,0,0,-317.8,Loss,0,76,PineConnector v2.141-11979,compoundit
Open position,8776572,AUDNZD.PRO,0.45,Buy,1.09876,1.0678,2023/06/20 10:54:20,1970/01/01 00:00:00,2023/06/20,1970/01/01,-851.88,-372.74,-3.15,-1227.77,0,0,-309.6,Loss,0,76,PineConnector v2.141-12170,compoundit
Open position,8776881,AUDNZD.PRO,0.45,Buy,1.09842,1.0678,2023/06/20 11:06:04,1970/01/01 00:00:00,2023/06/20,1970/01/01,-842.52,-372.74,-3.15,-1218.41,0,0,-306.2,Loss,0,76,PineConnector v2.141-12187,compoundit
Open position,8777946,AUDNZD.PRO,0.45,Buy,1.09759,1.0678,2023/06/20 11:37:49,1970/01/01 00:00:00,2023/06/20,1970/01/01,-819.68,-372.74,-3.15,-1195.57,0,0,-297.9,Loss,0,76,PineConnector v2.141-12213,compoundit
Open position,8812827,AUDNZD.PRO,0.45,Buy,1.09714,1.0678,2023/06/21 10:22:49,1970/01/01 00:00:00,2023/06/21,1970/01/01,-807.3,-371.18,-3.15,-1181.63,0,0,-293.4,Loss,0,76,PineConnector v2.141-12874,compoundit
Open position,8815249,AUDNZD.PRO,0.45,Buy,1.09695,1.0678,2023/06/21 12:32:21,1970/01/01 00:00:00,2023/06/21,1970/01/01,-802.07,-371.18,-3.15,-1176.40,0,0,-291.5,Loss,0,76,PineConnector v2.141-12954,compoundit
Open position,13566101,AUDNZD.PRO,0.09,Buy,1.09674,1.0678,2023/06/21 13:32:04,1970/01/01 00:00:00,2023/06/21,1970/01/01,-159.26,-74.24,-0.63,-234.13,0,0,-289.4,Loss,0,76,from #13354853,compoundit
Open position,12194509,EURCAD.PRO,0.2,Sell,1.41588,1.45015,2023/09/28 09:45:00,1970/01/01 00:00:00,2023/09/28,1970/01/01,-509.29,38.73,-1.4,-471.96,0,0,-342.7,Loss,0,9751421,AW Recovery Average,compoundit
Open position,12194775,EURCAD.PRO,0.2,Sell,1.41613,1.45015,2023/09/28 09:46:35,1970/01/01 00:00:00,2023/09/28,1970/01/01,-505.58,38.73,-1.4,-468.25,0,0,-340.2,Loss,0,9751421,AW Recovery Average,compoundit
Open position,12194789,EURCAD.PRO,0.21,Sell,1.41631,1.45015,2023/09/28 09:47:08,1970/01/01 00:00:00,2023/09/28,1970/01/01,-528.05,40.76,-1.47,-488.76,0,0,-338.4,Loss,0,9751421,AW Recovery Average,compoundit
Open position,12195142,EURCAD.PRO,0.21,Sell,1.41654,1.45015,2023/09/28 09:56:50,1970/01/01 00:00:00,2023/09/28,1970/01/01,-524.46,40.76,-1.47,-485.17,0,0,-336.1,Loss,0,9751421,AW Recovery Average,compoundit
Open position,12195232,EURCAD.PRO,0.22,Sell,1.4168,1.45015,2023/09/28 10:02:02,1970/01/01 00:00:00,2023/09/28,1970/01/01,-545.19,42.63,-1.54,-504.10,0,0,-333.5,Loss,0,9751421,AW Recovery Average,compoundit
Open position,12195242,EURCAD.PRO,0.22,Sell,1.41711,1.45015,2023/09/28 10:02:51,1970/01/01 00:00:00,2023/09/28,1970/01/01,-540.12,42.63,-1.54,-499.03,0,0,-330.4,Loss,0,9751421,AW Recovery Average,compoundit
Open position,12195323,EURCAD.PRO,0.23,Sell,1.41743,1.45015,2023/09/28 10:06:29,1970/01/01 00:00:00,2023/09/28,1970/01/01,-559.2,44.59,-1.61,-516.22,0,0,-327.2,Loss,0,9751421,AW Recovery Average,compoundit
Open position,12195327,EURCAD.PRO,0.23,Sell,1.41789,1.45015,2023/09/28 10:07:00,1970/01/01 00:00:00,2023/09/28,1970/01/01,-551.34,44.59,-1.61,-508.36,0,0,-322.6,Loss,0,9751421,AW Recovery Average,compoundit
Open position,12195359,EURCAD.PRO,0.23,Sell,1.41848,1.45015,2023/09/28 10:10:40,1970/01/01 00:00:00,2023/09/28,1970/01/01,-541.25,44.59,-1.61,-498.27,0,0,-316.7,Loss,0,9751421,AW Recovery Average,compoundit
Open position,12195878,EURCAD.PRO,0.24,Sell,1.41909,1.45015,2023/09/28 10:19:10,1970/01/01 00:00:00,2023/09/28,1970/01/01,-553.9,46.56,-1.68,-509.02,0,0,-310.6,Loss,0,9751421,AW Recovery Average,compoundit
Open position,12197033,EURCAD.PRO,0.24,Sell,1.41977,1.45015,2023/09/28 11:03:13,1970/01/01 00:00:00,2023/09/28,1970/01/01,-541.78,46.56,-1.68,-496.90,0,0,-303.8,Loss,0,9751421,AW Recovery Average,compoundit
Open position,12197151,EURCAD.PRO,0.25,Sell,1.42054,1.45015,2023/09/28 11:15:56,1970/01/01 00:00:00,2023/09/28,1970/01/01,-550.05,48.52,-1.75,-503.28,0,0,-296.1,Loss,0,9751421,AW Recovery Average,compoundit
Open position,12198543,EURCAD.PRO,0.26,Sell,1.42152,1.45015,2023/09/28 12:34:30,1970/01/01 00:00:00,2023/09/28,1970/01/01,-553.12,50.39,-1.82,-504.55,0,0,-286.3,Loss,0,9751421,AW Recovery Average,compoundit
Open position,12201690,EURCAD.PRO,0.27,Sell,1.42267,1.45015,2023/09/28 14:37:04,1970/01/01 00:00:00,2023/09/28,1970/01/01,-551.33,52.36,-1.89,-500.86,0,0,-274.8,Loss,0,9751421,AW Recovery Average,compoundit
Open position,12208730,EURCAD.PRO,0.33,Sell,1.42366,1.45015,2023/09/28 16:57:07,1970/01/01 00:00:00,2023/09/28,1970/01/01,-649.57,63.99,-2.31,-587.89,0,0,-264.9,Loss,0,9751421,AW Recovery Average,compoundit
Open position,12208968,EURCAD.PRO,0.34,Sell,1.42479,1.45015,2023/09/28 17:04:25,1970/01/01 00:00:00,2023/09/28,1970/01/01,-640.7,65.91,-2.38,-577.17,0,0,-253.6,Loss,0,9751421,AW Recovery Average,compoundit
Open position,12212670,EURCAD.PRO,0.35,Sell,1.42608,1.45015,2023/09/28 18:25:02,1970/01/01 00:00:00,2023/09/28,1970/01/01,-625.99,67.82,-2.45,-560.62,0,0,-240.7,Loss,0,9751421,AW Recovery Average,compoundit
Open position,12271585,EURCAD.PRO,0.36,Sell,1.42778,1.45015,2023/09/29 17:22:54,1970/01/01 00:00:00,2023/09/29,1970/01/01,-598.41,68.97,-2.52,-531.96,0,0,-223.7,Loss,0,9751421,AW Recovery Average,compoundit
Open position,12273129,EURCAD.PRO,0.37,Sell,1.42977,1.45015,2023/09/29 17:42:57,1970/01/01 00:00:00,2023/09/29,1970/01/01,-560.31,70.93,-2.59,-491.97,0,0,-203.8,Loss,0,9751421,AW Recovery Average,compoundit
Open position,12276027,EURCAD.PRO,0.38,Sell,1.4325,1.45015,2023/09/29 18:48:51,1970/01/01 00:00:00,2023/09/29,1970/01/01,-498.37,72.8,-2.66,-428.23,0,0,-176.5,Loss,0,9751421,AW Recovery Average,compoundit
Open position,13634163,EURCAD.PRO,0.22,Sell,1.43575,1.45015,2023/09/29 22:57:42,1970/01/01 00:00:00,2023/09/29,1970/01/01,-235.4,42.12,-1.54,-194.82,0,0,-144.0,Loss,0,9751421,from #12999773,compoundit
Open position,12871624,EURCAD.PRO,0.03,Sell,1.44217,1.45015,2023/10/18 19:17:44,1970/01/01 00:00:00,2023/10/18,1970/01/01,-17.79,5.12,-0.21,-12.88,0,0,-79.8,Loss,0,9751422,AW Recovery Average,compoundit
Open position,12871627,EURCAD.PRO,0.03,Sell,1.44221,1.45015,2023/10/18 19:17:59,1970/01/01 00:00:00,2023/10/18,1970/01/01,-17.7,5.12,-0.21,-12.79,0,0,-79.4,Loss,0,9751422,AW Recovery Average,compoundit
Open position,12871629,EURCAD.PRO,0.03,Sell,1.44225,1.45015,2023/10/18 19:18:02,1970/01/01 00:00:00,2023/10/18,1970/01/01,-17.61,5.12,-0.21,-12.70,0,0,-79.0,Loss,0,9751422,AW Recovery Average,compoundit
Open position,12871655,EURCAD.PRO,0.03,Sell,1.44233,1.45015,2023/10/18 19:18:11,1970/01/01 00:00:00,2023/10/18,1970/01/01,-17.43,5.12,-0.21,-12.52,0,0,-78.2,Loss,0,9751422,AW Recovery Average,compoundit
Open position,12871666,EURCAD.PRO,0.03,Sell,1.44239,1.45015,2023/10/18 19:19:32,1970/01/01 00:00:00,2023/10/18,1970/01/01,-17.3,5.12,-0.21,-12.39,0,0,-77.6,Loss,0,9751422,AW Recovery Average,compoundit
Open position,12871667,EURCAD.PRO,0.03,Sell,1.4424,1.45015,2023/10/18 19:19:35,1970/01/01 00:00:00,2023/10/18,1970/01/01,-17.28,5.12,-0.21,-12.37,0,0,-77.5,Loss,0,9751422,AW Recovery Average,compoundit
Open position,12871669,EURCAD.PRO,0.03,Sell,1.44246,1.45015,2023/10/18 19:19:47,1970/01/01 00:00:00,2023/10/18,1970/01/01,-17.14,5.12,-0.21,-12.23,0,0,-76.9,Loss,0,9751422,AW Recovery Average,compoundit
Open position,12871672,EURCAD.PRO,0.03,Sell,1.44258,1.45015,2023/10/18 19:19:57,1970/01/01 00:00:00,2023/10/18,1970/01/01,-16.87,5.12,-0.21,-11.96,0,0,-75.7,Loss,0,9751422,AW Recovery Average,compoundit
Open position,12872346,EURCAD.PRO,0.03,Sell,1.44264,1.45015,2023/10/18 19:20:42,1970/01/01 00:00:00,2023/10/18,1970/01/01,-16.74,5.12,-0.21,-11.83,0,0,-75.1,Loss,0,9751422,AW Recovery Average,compoundit
Open position,12872350,EURCAD.PRO,0.03,Sell,1.44274,1.45015,2023/10/18 19:21:22,1970/01/01 00:00:00,2023/10/18,1970/01/01,-16.52,5.12,-0.21,-11.61,0,0,-74.1,Loss,0,9751422,AW Recovery Average,compoundit
Open position,12872357,EURCAD.PRO,0.03,Sell,1.44281,1.45015,2023/10/18 19:21:59,1970/01/01 00:00:00,2023/10/18,1970/01/01,-16.36,5.12,-0.21,-11.45,0,0,-73.4,Loss,0,9751422,AW Recovery Average,compoundit
Open position,12872391,EURCAD.PRO,0.03,Sell,1.44294,1.45015,2023/10/18 19:22:23,1970/01/01 00:00:00,2023/10/18,1970/01/01,-16.07,5.12,-0.21,-11.16,0,0,-72.1,Loss,0,9751422,AW Recovery Average,compoundit
Open position,12872428,EURCAD.PRO,0.03,Sell,1.44298,1.45015,2023/10/18 19:27:11,1970/01/01 00:00:00,2023/10/18,1970/01/01,-15.98,5.12,-0.21,-11.07,0,0,-71.7,Loss,0,9751422,AW Recovery Average,compoundit
Open position,12872437,EURCAD.PRO,0.03,Sell,1.44309,1.45015,2023/10/18 19:29:36,1970/01/01 00:00:00,2023/10/18,1970/01/01,-15.74,5.12,-0.21,-10.83,0,0,-70.6,Loss,0,9751422,AW Recovery Average,compoundit
Open position,12872438,EURCAD.PRO,0.04,Sell,1.44315,1.45015,2023/10/18 19:29:40,1970/01/01 00:00:00,2023/10/18,1970/01/01,-20.8,6.54,-0.28,-14.54,0,0,-70.0,Loss,0,9751422,AW Recovery Average,compoundit
Open position,12872458,EURCAD.PRO,0.04,Sell,1.44326,1.45015,2023/10/18 19:31:14,1970/01/01 00:00:00,2023/10/18,1970/01/01,-20.47,6.54,-0.28,-14.21,0,0,-68.9,Loss,0,9751422,AW Recovery Average,compoundit
Open position,12872492,EURCAD.PRO,0.04,Sell,1.44332,1.45015,2023/10/18 19:35:16,1970/01/01 00:00:00,2023/10/18,1970/01/01,-20.3,6.54,-0.28,-14.04,0,0,-68.3,Loss,0,9751422,AW Recovery Average,compoundit
Open position,12872499,EURCAD.PRO,0.04,Sell,1.4434,1.45015,2023/10/18 19:36:16,1970/01/01 00:00:00,2023/10/18,1970/01/01,-20.06,6.54,-0.28,-13.80,0,0,-67.5,Loss,0,9751422,AW Recovery Average,compoundit
Open position,12872511,EURCAD.PRO,0.04,Sell,1.44348,1.45015,2023/10/18 19:38:33,1970/01/01 00:00:00,2023/10/18,1970/01/01,-19.82,6.54,-0.28,-13.56,0,0,-66.7,Loss,0,9751422,AW Recovery Average,compoundit
Open position,12872575,EURCAD.PRO,0.04,Sell,1.44365,1.45015,2023/10/18 19:48:38,1970/01/01 00:00:00,2023/10/18,1970/01/01,-19.32,6.54,-0.28,-13.06,0,0,-65.0,Loss,0,9751422,AW Recovery Average,compoundit
Open position,12872651,EURCAD.PRO,0.04,Sell,1.44375,1.45015,2023/10/18 20:00:04,1970/01/01 00:00:00,2023/10/18,1970/01/01,-19.02,6.54,-0.28,-12.76,0,0,-64.0,Loss,0,9751422,AW Recovery Average,compoundit
Open position,12872715,EURCAD.PRO,0.04,Sell,1.44385,1.45015,2023/10/18 20:04:01,1970/01/01 00:00:00,2023/10/18,1970/01/01,-18.72,6.54,-0.28,-12.46,0,0,-63.0,Loss,0,9751422,AW Recovery Average,compoundit
Open position,12873867,EURCAD.PRO,0.04,Sell,1.44396,1.45015,2023/10/18 20:36:42,1970/01/01 00:00:00,2023/10/18,1970/01/01,-18.39,6.54,-0.28,-12.13,0,0,-61.9,Loss,0,9751422,AW Recovery Average,compoundit
Open position,12873876,EURCAD.PRO,0.04,Sell,1.44403,1.45015,2023/10/18 20:37:56,1970/01/01 00:00:00,2023/10/18,1970/01/01,-18.19,6.54,-0.28,-11.93,0,0,-61.2,Loss,0,9751422,AW Recovery Average,compoundit
Open position,12873878,EURCAD.PRO,0.04,Sell,1.44414,1.45015,2023/10/18 20:38:03,1970/01/01 00:00:00,2023/10/18,1970/01/01,-17.86,6.54,-0.28,-11.60,0,0,-60.1,Loss,0,9751422,AW Recovery Average,compoundit
Open position,12875590,EURCAD.PRO,0.04,Sell,1.44423,1.45015,2023/10/18 20:40:22,1970/01/01 00:00:00,2023/10/18,1970/01/01,-17.59,6.54,-0.28,-11.33,0,0,-59.2,Loss,0,9751422,AW Recovery Average,compoundit
Open position,12875597,EURCAD.PRO,0.05,Sell,1.4443,1.45015,2023/10/18 20:41:06,1970/01/01 00:00:00,2023/10/18,1970/01/01,-21.74,8.39,-0.35,-13.70,0,0,-58.5,Loss,0,9751422,AW Recovery Average,compoundit
Open position,12875599,EURCAD.PRO,0.05,Sell,1.44439,1.45015,2023/10/18 20:41:21,1970/01/01 00:00:00,2023/10/18,1970/01/01,-21.4,8.39,-0.35,-13.36,0,0,-57.6,Loss,0,9751422,AW Recovery Average,compoundit
Open position,12875669,EURCAD.PRO,0.05,Sell,1.44449,1.45015,2023/10/18 20:50:25,1970/01/01 00:00:00,2023/10/18,1970/01/01,-21.03,8.39,-0.35,-12.99,0,0,-56.6,Loss,0,9751422,AW Recovery Average,compoundit
Open position,13633985,EURCAD.PRO,0.04,Sell,1.44458,1.45015,2023/10/18 22:35:34,1970/01/01 00:00:00,2023/10/18,1970/01/01,-16.55,6.58,-0.28,-10.25,0,0,-55.7,Loss,0,9751422,from #12877137,compoundit
Open position,13633987,EURCAD.PRO,0.04,Sell,1.44469,1.45015,2023/10/18 22:45:17,1970/01/01 00:00:00,2023/10/18,1970/01/01,-16.22,6.58,-0.28,-9.92,0,0,-54.6,Loss,0,9751422,from #12877165,compoundit
Open position,13633989,EURCAD.PRO,0.04,Sell,1.44485,1.45015,2023/10/18 22:45:30,1970/01/01 00:00:00,2023/10/18,1970/01/01,-15.75,6.58,-0.28,-9.45,0,0,-53.0,Loss,0,9751422,from #12877171,compoundit
Open position,13633991,EURCAD.PRO,0.04,Sell,1.44496,1.45015,2023/10/18 23:43:39,1970/01/01 00:00:00,2023/10/18,1970/01/01,-15.42,6.58,-0.28,-9.12,0,0,-51.9,Loss,0,9751422,from #12877409,compoundit
Open position,13633993,EURCAD.PRO,0.04,Sell,1.44509,1.45015,2023/10/18 23:49:55,1970/01/01 00:00:00,2023/10/18,1970/01/01,-15.04,6.58,-0.28,-8.74,0,0,-50.6,Loss,0,9751422,from #12877446,compoundit
Open position,13633995,EURCAD.PRO,0.04,Sell,1.44521,1.45015,2023/10/19 02:12:32,1970/01/01 00:00:00,2023/10/19,1970/01/01,-14.68,6.47,-0.28,-8.49,0,0,-49.4,Loss,0,9751422,from #12878878,compoundit
Open position,13633997,EURCAD.PRO,0.05,Sell,1.44529,1.45015,2023/10/19 03:30:52,1970/01/01 00:00:00,2023/10/19,1970/01/01,-18.06,8.21,-0.35,-10.20,0,0,-48.6,Loss,0,9751422,from #12880187,compoundit
Open position,13634001,EURCAD.PRO,0.05,Sell,1.44536,1.45015,2023/10/19 03:32:50,1970/01/01 00:00:00,2023/10/19,1970/01/01,-17.8,8.21,-0.35,-9.94,0,0,-47.9,Loss,0,9751422,from #12880245,compoundit
Open position,13634003,EURCAD.PRO,0.06,Sell,1.44542,1.45015,2023/10/19 03:32:57,1970/01/01 00:00:00,2023/10/19,1970/01/01,-21.09,9.85,-0.42,-11.66,0,0,-47.3,Loss,0,9751422,from #12880246,compoundit
Open position,13634005,EURCAD.PRO,0.06,Sell,1.44559,1.45015,2023/10/19 03:33:31,1970/01/01 00:00:00,2023/10/19,1970/01/01,-20.33,9.85,-0.42,-10.90,0,0,-45.6,Loss,0,9751422,from #12880253,compoundit
Open position,13634007,EURCAD.PRO,0.06,Sell,1.44566,1.45015,2023/10/19 04:46:21,1970/01/01 00:00:00,2023/10/19,1970/01/01,-20.02,9.85,-0.42,-10.59,0,0,-44.9,Loss,0,9751422,from #12884735,compoundit
Open position,13634009,EURCAD.PRO,0.06,Sell,1.44574,1.45015,2023/10/19 04:52:04,1970/01/01 00:00:00,2023/10/19,1970/01/01,-19.66,9.85,-0.42,-10.23,0,0,-44.1,Loss,0,9751422,from #12884807,compoundit
Open position,13634011,EURCAD.PRO,0.06,Sell,1.44591,1.45015,2023/10/19 04:52:21,1970/01/01 00:00:00,2023/10/19,1970/01/01,-18.9,9.85,-0.42,-9.47,0,0,-42.4,Loss,0,9751422,from #12884838,compoundit
Open position,13634013,EURCAD.PRO,0.06,Sell,1.44598,1.45015,2023/10/19 04:52:59,1970/01/01 00:00:00,2023/10/19,1970/01/01,-18.59,9.85,-0.42,-9.16,0,0,-41.7,Loss,0,9751422,from #12884841,compoundit
Open position,13634015,EURCAD.PRO,0.06,Sell,1.44605,1.45015,2023/10/19 05:05:47,1970/01/01 00:00:00,2023/10/19,1970/01/01,-18.28,9.85,-0.42,-8.85,0,0,-41.0,Loss,0,9751422,from #12885280,compoundit
Open position,13634017,EURCAD.PRO,0.06,Sell,1.44612,1.45015,2023/10/19 05:08:17,1970/01/01 00:00:00,2023/10/19,1970/01/01,-17.97,9.85,-0.42,-8.54,0,0,-40.3,Loss,0,9751422,from #12885287,compoundit
Open position,13634019,EURCAD.PRO,0.06,Sell,1.44621,1.45015,2023/10/19 05:14:43,1970/01/01 00:00:00,2023/10/19,1970/01/01,-17.56,9.85,-0.42,-8.13,0,0,-39.4,Loss,0,9751422,from #12885358,compoundit
Open position,13634021,EURCAD.PRO,0.06,Sell,1.44628,1.45015,2023/10/19 05:15:22,1970/01/01 00:00:00,2023/10/19,1970/01/01,-17.25,9.85,-0.42,-7.82,0,0,-38.7,Loss,0,9751422,from #12885450,compoundit
Open position,13634023,EURCAD.PRO,0.07,Sell,1.44637,1.45015,2023/10/19 05:16:13,1970/01/01 00:00:00,2023/10/19,1970/01/01,-19.66,11.41,-0.49,-8.74,0,0,-37.8,Loss,0,9751422,from #12885467,compoundit
Open position,13634025,EURCAD.PRO,0.07,Sell,1.44646,1.45015,2023/10/19 05:17:35,1970/01/01 00:00:00,2023/10/19,1970/01/01,-19.19,11.41,-0.49,-8.27,0,0,-36.9,Loss,0,9751422,from #12885482,compoundit
Open position,13634027,EURCAD.PRO,0.07,Sell,1.44654,1.45015,2023/10/19 05:18:05,1970/01/01 00:00:00,2023/10/19,1970/01/01,-18.77,11.41,-0.49,-7.85,0,0,-36.1,Loss,0,9751422,from #12885486,compoundit
Open position,13634029,EURCAD.PRO,0.07,Sell,1.44663,1.45015,2023/10/19 05:19:32,1970/01/01 00:00:00,2023/10/19,1970/01/01,-18.3,11.41,-0.49,-7.38,0,0,-35.2,Loss,0,9751422,from #12885514,compoundit
Open position,13634032,EURCAD.PRO,0.07,Sell,1.44673,1.45015,2023/10/19 05:20:38,1970/01/01 00:00:00,2023/10/19,1970/01/01,-17.78,11.41,-0.49,-6.86,0,0,-34.2,Loss,0,9751422,from #12885892,compoundit
Open position,13634034,EURCAD.PRO,0.07,Sell,1.44683,1.45015,2023/10/19 05:24:19,1970/01/01 00:00:00,2023/10/19,1970/01/01,-17.26,11.41,-0.49,-6.34,0,0,-33.2,Loss,0,9751422,from #12885959,compoundit
Open position,13634036,EURCAD.PRO,0.07,Sell,1.44692,1.45015,2023/10/19 05:25:17,1970/01/01 00:00:00,2023/10/19,1970/01/01,-16.8,11.41,-0.49,-5.88,0,0,-32.3,Loss,0,9751422,from #12886012,compoundit
Open position,13634038,EURCAD.PRO,0.07,Sell,1.447,1.45015,2023/10/19 10:02:36,1970/01/01 00:00:00,2023/10/19,1970/01/01,-16.38,11.41,-0.49,-5.46,0,0,-31.5,Loss,0,9751422,from #12892159,compoundit
Open position,13634040,EURCAD.PRO,0.08,Sell,1.44715,1.45015,2023/10/19 10:02:43,1970/01/01 00:00:00,2023/10/19,1970/01/01,-17.84,13.07,-0.56,-5.33,0,0,-30.0,Loss,0,9751422,from #12892165,compoundit
Open position,13634042,EURCAD.PRO,0.08,Sell,1.44725,1.45015,2023/10/19 10:05:24,1970/01/01 00:00:00,2023/10/19,1970/01/01,-17.24,13.07,-0.56,-4.73,0,0,-29.0,Loss,0,9751422,from #12892227,compoundit
Open position,13634045,EURCAD.PRO,0.08,Sell,1.44734,1.45015,2023/10/19 10:07:33,1970/01/01 00:00:00,2023/10/19,1970/01/01,-16.71,13.07,-0.56,-4.20,0,0,-28.1,Loss,0,9751422,from #12892237,compoundit
Open position,13634047,EURCAD.PRO,0.08,Sell,1.44744,1.45015,2023/10/19 10:07:44,1970/01/01 00:00:00,2023/10/19,1970/01/01,-16.11,13.07,-0.56,-3.60,0,0,-27.1,Loss,0,9751422,from #12892238,compoundit
Open position,13634049,EURCAD.PRO,0.08,Sell,1.44755,1.45015,2023/10/19 10:09:40,1970/01/01 00:00:00,2023/10/19,1970/01/01,-15.46,13.07,-0.56,-2.95,0,0,-26.0,Loss,0,9751422,from #12892249,compoundit
Open position,13634051,EURCAD.PRO,0.08,Sell,1.44764,1.45015,2023/10/19 10:09:46,1970/01/01 00:00:00,2023/10/19,1970/01/01,-14.92,13.07,-0.56,-2.41,0,0,-25.1,Loss,0,9751422,from #12892258,compoundit
Open position,13634054,EURCAD.PRO,0.08,Sell,1.44779,1.45015,2023/10/19 12:19:20,1970/01/01 00:00:00,2023/10/19,1970/01/01,-14.03,13.07,-0.56,-1.52,0,0,-23.6,Loss,0,9751422,from #12895591,compoundit
Open position,13634056,EURCAD.PRO,0.08,Sell,1.4479,1.45015,2023/10/19 12:33:52,1970/01/01 00:00:00,2023/10/19,1970/01/01,-13.38,13.07,-0.56,-0.87,0,0,-22.5,Loss,0,9751422,from #12896088,compoundit
Open position,13634058,EURCAD.PRO,0.08,Sell,1.448,1.45015,2023/10/19 12:34:01,1970/01/01 00:00:00,2023/10/19,1970/01/01,-12.78,13.07,-0.56,-0.27,0,0,-21.5,Loss,0,9751422,from #12896098,compoundit
Open position,13634060,EURCAD.PRO,0.08,Sell,1.44812,1.45015,2023/10/19 12:37:17,1970/01/01 00:00:00,2023/10/19,1970/01/01,-12.07,13.07,-0.56,0.44,0,0,-20.3,Win,0,9751422,from #12896130,compoundit
Open position,13634062,EURCAD.PRO,0.08,Sell,1.44822,1.45015,2023/10/19 12:39:11,1970/01/01 00:00:00,2023/10/19,1970/01/01,-11.47,13.07,-0.56,1.04,0,0,-19.3,Win,0,9751422,from #12896175,compoundit
Open position,13634064,EURCAD.PRO,0.08,Sell,1.44833,1.45015,2023/10/19 14:13:25,1970/01/01 00:00:00,2023/10/19,1970/01/01,-10.82,13.07,-0.56,1.69,0,0,-18.2,Win,0,9751422,from #12897782,compoundit
Open position,13634066,EURCAD.PRO,0.08,Sell,1.44844,1.45015,2023/10/19 14:14:54,1970/01/01 00:00:00,2023/10/19,1970/01/01,-10.17,13.07,-0.56,2.34,0,0,-17.1,Win,0,9751422,from #12897792,compoundit
Open position,13634068,EURCAD.PRO,0.08,Sell,1.44854,1.45015,2023/10/19 14:15:00,1970/01/01 00:00:00,2023/10/19,1970/01/01,-9.57,13.07,-0.56,2.94,0,0,-16.1,Win,0,9751422,from #12897830,compoundit
Open position,13634070,EURCAD.PRO,0.08,Sell,1.44864,1.45015,2023/10/19 14:33:54,1970/01/01 00:00:00,2023/10/19,1970/01/01,-8.98,13.07,-0.56,3.53,0,0,-15.1,Win,0,9751422,from #12897929,compoundit
Open position,13634072,EURCAD.PRO,0.08,Sell,1.44875,1.45015,2023/10/19 14:35:20,1970/01/01 00:00:00,2023/10/19,1970/01/01,-8.32,13.07,-0.56,4.19,0,0,-14.0,Win,0,9751422,from #12897939,compoundit
Open position,13634074,EURCAD.PRO,0.08,Sell,1.44886,1.45015,2023/10/19 14:36:05,1970/01/01 00:00:00,2023/10/19,1970/01/01,-7.67,13.07,-0.56,4.84,0,0,-12.9,Win,0,9751422,from #12897948,compoundit
Open position,13634076,EURCAD.PRO,0.08,Sell,1.44899,1.45015,2023/10/19 14:36:17,1970/01/01 00:00:00,2023/10/19,1970/01/01,-6.9,13.07,-0.56,5.61,0,0,-11.6,Win,0,9751422,from #12897949,compoundit
Open position,13634079,EURCAD.PRO,0.08,Sell,1.4491,1.45015,2023/10/19 14:36:54,1970/01/01 00:00:00,2023/10/19,1970/01/01,-6.24,13.07,-0.56,6.27,0,0,-10.5,Win,0,9751422,from #12897952,compoundit
Open position,13634081,EURCAD.PRO,0.08,Sell,1.44923,1.45015,2023/10/19 14:37:17,1970/01/01 00:00:00,2023/10/19,1970/01/01,-5.47,13.07,-0.56,7.04,0,0,-9.2,Win,0,9751422,from #12897955,compoundit
Open position,13634084,EURCAD.PRO,0.08,Sell,1.4494,1.45015,2023/10/19 15:18:10,1970/01/01 00:00:00,2023/10/19,1970/01/01,-4.46,13.07,-0.56,8.05,0,0,-7.5,Win,0,9751422,from #12898438,compoundit
Open position,13634086,EURCAD.PRO,0.08,Sell,1.44956,1.45015,2023/10/19 15:18:18,1970/01/01 00:00:00,2023/10/19,1970/01/01,-3.51,13.07,-0.56,9.00,0,0,-5.9,Win,0,9751422,from #12898443,compoundit
Open position,13634088,EURCAD.PRO,0.08,Sell,1.44964,1.45015,2023/10/19 15:20:08,1970/01/01 00:00:00,2023/10/19,1970/01/01,-3.03,13.07,-0.56,9.48,0,0,-5.1,Win,0,9751422,from #12898520,compoundit
Open position,13634091,EURCAD.PRO,0.08,Sell,1.44976,1.45015,2023/10/19 15:20:37,1970/01/01 00:00:00,2023/10/19,1970/01/01,-2.32,13.07,-0.56,10.19,0,0,-3.9,Win,0,9751422,from #12898552,compoundit
Open position,13634093,EURCAD.PRO,0.08,Sell,1.44993,1.45015,2023/10/19 15:20:42,1970/01/01 00:00:00,2023/10/19,1970/01/01,-1.31,13.07,-0.56,11.20,0,0,-2.2,Win,0,9751422,from #12898556,compoundit
Open position,13634095,EURCAD.PRO,0.08,Sell,1.45023,1.45015,2023/10/19 15:21:36,1970/01/01 00:00:00,2023/10/19,1970/01/01,0.47,13.07,-0.56,12.98,0,0,0.8,Win,0,9751422,from #12898570,compoundit
Open position,13634101,EURCAD.PRO,0.08,Sell,1.45042,1.45015,2023/10/19 15:30:49,1970/01/01 00:00:00,2023/10/19,1970/01/01,1.6,13.07,-0.56,14.11,0,0,2.7,Win,0,9751422,from #12900188,compoundit
Open position,13634104,EURCAD.PRO,0.08,Sell,1.45059,1.45015,2023/10/20 17:37:49,1970/01/01 00:00:00,2023/10/20,1970/01/01,2.61,12.99,-0.56,15.04,0,0,4.4,Win,0,9751422,from #12953373,compoundit
Open position,13634106,EURCAD.PRO,0.08,Sell,1.45094,1.45015,2023/10/20 17:38:05,1970/01/01 00:00:00,2023/10/20,1970/01/01,4.69,12.99,-0.56,17.12,0,0,7.9,Win,0,9751422,from #12953376,compoundit
Open position,13634109,EURCAD.PRO,0.08,Sell,1.45122,1.45015,2023/10/20 17:38:55,1970/01/01 00:00:00,2023/10/20,1970/01/01,6.36,12.99,-0.56,18.79,0,0,10.7,Win,0,9751422,from #12953385,compoundit
Open position,13634111,EURCAD.PRO,0.08,Sell,1.45157,1.45015,2023/10/20 17:41:52,1970/01/01 00:00:00,2023/10/20,1970/01/01,8.44,12.99,-0.56,20.87,0,0,14.2,Win,0,9751422,from #12953442,compoundit
Open position,13634113,EURCAD.PRO,0.08,Sell,1.45174,1.45015,2023/10/20 20:18:51,1970/01/01 00:00:00,2023/10/20,1970/01/01,9.45,12.99,-0.56,21.88,0,0,15.9,Win,0,9751422,from #12957086,compoundit
Open position,13634115,EURCAD.PRO,0.08,Sell,1.45191,1.45015,2023/10/20 22:50:07,1970/01/01 00:00:00,2023/10/20,1970/01/01,10.46,12.99,-0.56,22.89,0,0,17.6,Win,0,9751422,from #12957907,compoundit
Open position,13634117,EURCAD.PRO,0.08,Sell,1.45211,1.45015,2023/10/20 22:54:34,1970/01/01 00:00:00,2023/10/20,1970/01/01,11.65,12.99,-0.56,24.08,0,0,19.6,Win,0,9751422,from #12957912,compoundit
Open position,13634119,EURCAD.PRO,0.08,Sell,1.45228,1.45015,2023/10/20 22:58:59,1970/01/01 00:00:00,2023/10/20,1970/01/01,12.66,12.99,-0.56,25.09,0,0,21.3,Win,0,9751422,from #12957935,compoundit
Open position,13634121,EURCAD.PRO,0.08,Sell,1.45246,1.45015,2023/10/20 23:28:52,1970/01/01 00:00:00,2023/10/20,1970/01/01,13.73,12.99,-0.56,26.16,0,0,23.1,Win,0,9751422,from #12958006,compoundit
Open position,13634123,EURCAD.PRO,0.08,Sell,1.45265,1.45015,2023/10/20 23:41:37,1970/01/01 00:00:00,2023/10/20,1970/01/01,14.86,12.99,-0.56,27.29,0,0,25.0,Win,0,9751422,from #12958038,compoundit
Open position,13634125,EURCAD.PRO,0.08,Sell,1.45288,1.45015,2023/10/23 01:02:47,1970/01/01 00:00:00,2023/10/23,1970/01/01,16.23,12.91,-0.56,28.58,0,0,27.3,Win,0,9751422,from #12961184,compoundit
Open position,13634127,EURCAD.PRO,0.08,Sell,1.45316,1.45015,2023/10/23 10:40:28,1970/01/01 00:00:00,2023/10/23,1970/01/01,17.89,12.91,-0.56,30.24,0,0,30.1,Win,0,9751422,from #12971557,compoundit
Open position,13634129,EURCAD.PRO,0.08,Sell,1.45338,1.45015,2023/10/23 10:42:05,1970/01/01 00:00:00,2023/10/23,1970/01/01,19.2,12.91,-0.56,31.55,0,0,32.3,Win,0,9751422,from #12971599,compoundit
Open position,13634131,EURCAD.PRO,0.08,Sell,1.4536,1.45015,2023/10/23 10:48:06,1970/01/01 00:00:00,2023/10/23,1970/01/01,20.51,12.91,-0.56,32.86,0,0,34.5,Win,0,9751422,from #12971671,compoundit
Open position,13634133,EURCAD.PRO,0.08,Sell,1.45381,1.45015,2023/10/23 10:49:07,1970/01/01 00:00:00,2023/10/23,1970/01/01,21.76,12.91,-0.56,34.11,0,0,36.6,Win,0,9751422,from #12971680,compoundit
Open position,13634135,EURCAD.PRO,0.08,Sell,1.45399,1.45015,2023/10/23 10:49:21,1970/01/01 00:00:00,2023/10/23,1970/01/01,22.83,12.91,-0.56,35.18,0,0,38.4,Win,0,9751422,from #12971684,compoundit
Open position,13634138,EURCAD.PRO,0.08,Sell,1.45422,1.45015,2023/10/23 10:54:01,1970/01/01 00:00:00,2023/10/23,1970/01/01,24.19,12.91,-0.56,36.54,0,0,40.7,Win,0,9751422,from #12972074,compoundit
Open position,13634140,EURCAD.PRO,0.08,Sell,1.45448,1.45015,2023/10/23 10:55:59,1970/01/01 00:00:00,2023/10/23,1970/01/01,25.74,12.91,-0.56,38.09,0,0,43.3,Win,0,9751422,from #12972134,compoundit
Open position,13634142,EURCAD.PRO,0.08,Sell,1.45471,1.45015,2023/10/23 10:56:51,1970/01/01 00:00:00,2023/10/23,1970/01/01,27.11,12.91,-0.56,39.46,0,0,45.6,Win,0,9751422,from #12972140,compoundit
Open position,13634144,EURCAD.PRO,0.08,Sell,1.45503,1.45015,2023/10/23 10:58:15,1970/01/01 00:00:00,2023/10/23,1970/01/01,29.01,12.91,-0.56,41.36,0,0,48.8,Win,0,9751422,from #12972170,compoundit
Open position,13634146,EURCAD.PRO,0.08,Sell,1.45527,1.45015,2023/10/23 10:59:53,1970/01/01 00:00:00,2023/10/23,1970/01/01,30.43,12.91,-0.56,42.78,0,0,51.2,Win,0,9751422,from #12972228,compoundit
Open position,13634149,EURCAD.PRO,0.08,Sell,1.45551,1.45015,2023/10/23 11:00:13,1970/01/01 00:00:00,2023/10/23,1970/01/01,31.86,12.91,-0.56,44.21,0,0,53.6,Win,0,9751422,from #12972397,compoundit
Open position,13634152,EURCAD.PRO,0.08,Sell,1.45575,1.45015,2023/10/23 11:02:59,1970/01/01 00:00:00,2023/10/23,1970/01/01,33.29,12.91,-0.56,45.64,0,0,56.0,Win,0,9751422,from #12972471,compoundit
Open position,13634155,EURCAD.PRO,0.08,Sell,1.45604,1.45015,2023/10/23 11:03:37,1970/01/01 00:00:00,2023/10/23,1970/01/01,35.01,12.91,-0.56,47.36,0,0,58.9,Win,0,9751422,from #12972478,compoundit
Open position,13634159,EURCAD.PRO,0.08,Sell,1.45627,1.45015,2023/10/23 11:06:49,1970/01/01 00:00:00,2023/10/23,1970/01/01,36.38,12.91,-0.56,48.73,0,0,61.2,Win,0,9751422,from #12972869,compoundit
Open position,15206423,EURCAD.PRO,0.06,Sell,1.45652,1.45015,2023/10/23 14:01:06,1970/01/01 00:00:00,2023/10/23,1970/01/01,28.4,9.71,-0.42,37.69,0,0,63.7,Win,0,9751422,from #13634161,compoundit
Open position,13634192,EURCAD.PRO,0.01,Sell,1.45632,1.45015,2023/10/27 14:47:10,1970/01/01 00:00:00,2023/10/27,1970/01/01,4.59,1.73,-0.07,6.25,0,0,61.7,Win,0,0,from #13169611,compoundit
Open position,13634202,AUDNZD.PRO,0.19,Buy,1.09355,1.0678,2023/11/02 03:15:18,1970/01/01 00:00:00,2023/11/02,1970/01/01,-299.15,-59.15,-1.33,-359.63,0,0,-257.5,Loss,0,9751421,from #13354854,compoundit
Open position,13634204,AUDNZD.PRO,0.19,Buy,1.09343,1.0678,2023/11/02 03:16:57,1970/01/01 00:00:00,2023/11/02,1970/01/01,-297.76,-59.15,-1.33,-358.24,0,0,-256.3,Loss,0,9751421,from #13355050,compoundit
Open position,13634206,AUDNZD.PRO,0.2,Buy,1.09321,1.0678,2023/11/02 03:21:57,1970/01/01 00:00:00,2023/11/02,1970/01/01,-310.74,-62.21,-1.4,-374.35,0,0,-254.1,Loss,0,9751421,from #13356530,compoundit
Open position,13634209,AUDNZD.PRO,0.2,Buy,1.09294,1.0678,2023/11/02 03:28:33,1970/01/01 00:00:00,2023/11/02,1970/01/01,-307.43,-62.21,-1.4,-371.04,0,0,-251.4,Loss,0,9751421,from #13357114,compoundit
Open position,13634211,AUDNZD.PRO,0.21,Buy,1.09259,1.0678,2023/11/02 03:32:03,1970/01/01 00:00:00,2023/11/02,1970/01/01,-318.32,-65.33,-1.47,-385.12,0,0,-247.9,Loss,0,9751421,from #13357524,compoundit
Open position,13634213,AUDNZD.PRO,0.21,Buy,1.09213,1.0678,2023/11/02 03:40:37,1970/01/01 00:00:00,2023/11/02,1970/01/01,-312.41,-65.33,-1.47,-379.21,0,0,-243.3,Loss,0,9751421,from #13358049,compoundit
Open position,13634225,AUDNZD.PRO,0.22,Buy,1.09154,1.0678,2023/11/02 12:19:40,1970/01/01 00:00:00,2023/11/02,1970/01/01,-319.35,-68.51,-1.54,-389.40,0,0,-237.4,Loss,0,9751421,from #13372822,compoundit
Open position,13634227,AUDNZD.PRO,0.22,Buy,1.09077,1.0678,2023/11/02 13:08:29,1970/01/01 00:00:00,2023/11/02,1970/01/01,-308.99,-68.51,-1.54,-379.04,0,0,-229.7,Loss,0,9751421,from #13379019,compoundit
Open position,14914568,AUDNZD.PRO,0.04,Buy,1.08979,1.0678,2023/11/03 09:07:41,1970/01/01 00:00:00,2023/11/03,1970/01/01,-53.78,-12.42,-0.28,-66.48,0,0,-219.9,Loss,0,9751421,from #14425337,compoundit
Open position,13965857,AUDNZD.PRO,0.52,Buy,1.08805,1.0678,2023/11/20 17:42:59,1970/01/01 00:00:00,2023/11/20,1970/01/01,-643.85,-134.45,-3.64,-781.94,0,0,-202.5,Loss,0,9751421,AW Recovery Average,compoundit
Open position,13973783,AUDNZD.PRO,0.53,Buy,1.08738,1.0678,2023/11/20 22:26:03,1970/01/01 00:00:00,2023/11/20,1970/01/01,-634.53,-137.03,-3.71,-775.27,0,0,-195.8,Loss,0,9751421,AW Recovery Average,compoundit
Open position,13978037,AUDNZD.PRO,0.54,Buy,1.08634,1.0678,2023/11/21 01:58:02,1970/01/01 00:00:00,2023/11/21,1970/01/01,-612.16,-137.8,-3.78,-753.74,0,0,-185.4,Loss,0,9751421,AW Recovery Average,compoundit
Open position,14093977,AUDNZD.PRO,0.55,Buy,1.08354,1.0678,2023/11/23 06:50:04,1970/01/01 00:00:00,2023/11/23,1970/01/01,-529.33,-133.03,-3.85,-666.21,0,0,-157.4,Loss,0,9751421,AW Recovery Average,compoundit
Open position,14224614,AUDNZD.PRO,0.56,Buy,1.08195,1.0678,2023/11/29 02:35:01,1970/01/01 00:00:00,2023/11/29,1970/01/01,-484.52,-127.92,-3.92,-616.36,0,0,-141.5,Loss,0,9751421,AW Recovery Average,compoundit
Open position,14227739,AUDNZD.PRO,0.57,Buy,1.07965,1.0678,2023/11/29 03:00:35,1970/01/01 00:00:00,2023/11/29,1970/01/01,-413,-130.23,-3.99,-547.22,0,0,-118.5,Loss,0,9751421,AW Recovery Average,compoundit
Open position,14243931,AUDNZD.PRO,0.58,Buy,1.07389,1.0678,2023/11/29 08:50:01,1970/01/01 00:00:00,2023/11/29,1970/01/01,-215.97,-132.47,-4.06,-352.50,0,0,-60.9,Loss,0,9751421,AW Recovery Average,compoundit
Open position,15206427,EURCAD.PRO,2,Sell,1.45907,1.45015,2023/12/20 12:31:32,1970/01/01 00:00:00,2023/12/20,1970/01/01,1325.62,152.95,-14,1464.57,0,0,89.2,Win,0,81234567,AW Recovery Average,compoundit
Open position,15214096,AUDCHF.PRO,0.01,Buy,0.58419,0.56914,2023/12/20 15:43:04,1970/01/01 00:00:00,2023/12/20,1970/01/01,-17.27,1.54,-0.07,-15.80,0,0,-150.5,Loss,0,80,7-1-1,compoundit
Open position,15221063,AUDCHF.PRO,0.25,Buy,0.58269,0.56914,2023/12/20 19:00:20,1970/01/01 00:00:00,2023/12/20,1970/01/01,-388.63,40.94,-1.75,-349.44,0,0,-135.5,Loss,0,80,7-1-1,compoundit
Open position,15410322,GBPCAD.PRO,0.5,Sell,1.67624,1.69995,2023/12/27 10:34:30,1970/01/01 00:00:00,2023/12/27,1970/01/01,-880.9,-51.78,-3.5,-936.18,0,0,-237.1,Loss,0,80,7-1-1S,compoundit
Open position,15412822,GBPCAD.PRO,0.5,Sell,1.67878,1.69995,2023/12/27 12:05:04,1970/01/01 00:00:00,2023/12/27,1970/01/01,-786.53,-51.78,-3.5,-841.81,0,0,-211.7,Loss,0,80,7-1-1S,compoundit
Open position,15515672,EURUSD.PRO,0.5,Buy,1.1135,1.07754,2023/12/28 11:47:05,1970/01/01 00:00:00,2023/12/28,1970/01/01,-1798,-112.28,-3.5,-1913.78,0,0,-359.6,Loss,0,80,7-1-1,compoundit
Open position,15522443,EURUSD.PRO,0.5,Buy,1.11251,1.07754,2023/12/28 12:39:07,1970/01/01 00:00:00,2023/12/28,1970/01/01,-1748.5,-112.28,-3.5,-1864.28,0,0,-349.7,Loss,0,80,7-1-1,compoundit
Open position,15524611,GBPCAD.PRO,0.5,Sell,1.68641,1.69995,2023/12/28 15:19:06,1970/01/01 00:00:00,2023/12/28,1970/01/01,-503.05,-48.21,-3.5,-554.76,0,0,-135.4,Loss,0,80,7-1-1S,compoundit
Open position,15524675,GBPCAD.PRO,0.5,Sell,1.68604,1.69995,2023/12/28 15:20:04,1970/01/01 00:00:00,2023/12/28,1970/01/01,-516.8,-48.21,-3.5,-568.51,0,0,-139.1,Loss,0,80,7-1-1S,compoundit
Open position,15524990,EURGBP.PRO,0.5,Buy,0.87047,0.85305,2023/12/28 15:36:07,1970/01/01 00:00:00,2023/12/28,1970/01/01,-1100.17,-101.05,-3.5,-1204.72,0,0,-174.2,Loss,0,80,7-1-1,compoundit
Open position,15525060,EURUSD.PRO,0.5,Buy,1.11082,1.07754,2023/12/28 15:44:03,1970/01/01 00:00:00,2023/12/28,1970/01/01,-1664,-112.28,-3.5,-1779.78,0,0,-332.8,Loss,0,80,7-1-1,compoundit
Open position,15537011,AUDUSD.PRO,0.5,Buy,0.68616,0.65297,2023/12/28 17:30:10,1970/01/01 00:00:00,2023/12/28,1970/01/01,-1659.5,-63.7,-3.5,-1726.7,0,0,-331.9,Loss,0,80,7-1-1,compoundit
Open position,15537459,USDJPY.PRO,0.5,Sell,140.278,148.218,2023/12/28 17:42:09,1970/01/01 00:00:00,2023/12/28,1970/01/01,-2678.49,-351.55,-3.5,-3033.54,0,0,-794.0,Loss,0,80,7-1-1S,compoundit
Open position,15537660,USDJPY.PRO,0.5,Sell,140.446,148.218,2023/12/28 17:52:02,1970/01/01 00:00:00,2023/12/28,1970/01/01,-2621.81,-351.55,-3.5,-2976.86,0,0,-777.2,Loss,0,80,7-1-1S,compoundit
Open position,15540010,GBPAUD.PRO,0.5,Sell,1.86153,1.9346,2023/12/28 17:58:03,1970/01/01 00:00:00,2023/12/28,1970/01/01,-2385.7,-107.95,-3.5,-2497.15,0,0,-730.7,Loss,0,80,7-1-1S,compoundit
Open position,15546624,USDJPY.PRO,0.5,Sell,141.271,148.218,2023/12/28 19:24:07,1970/01/01 00:00:00,2023/12/28,1970/01/01,-2343.51,-351.55,-3.5,-2698.56,0,0,-694.7,Loss,0,80,7-1-1S,compoundit
Open position,15546631,USDJPY.PRO,0.5,Sell,141.269,148.218,2023/12/28 19:25:03,1970/01/01 00:00:00,2023/12/28,1970/01/01,-2344.18,-351.55,-3.5,-2699.23,0,0,-694.9,Loss,0,80,7-1-1S,compoundit
Open position,15547152,AUDUSD.PRO,0.5,Buy,0.68451,0.65297,2023/12/28 19:35:06,1970/01/01 00:00:00,2023/12/28,1970/01/01,-1577,-63.7,-3.5,-1644.2,0,0,-315.4,Loss,0,80,7-1-1,compoundit
Open position,15548095,AUDUSD.PRO,0.5,Buy,0.68404,0.65297,2023/12/28 20:02:02,1970/01/01 00:00:00,2023/12/28,1970/01/01,-1553.5,-63.7,-3.5,-1620.7,0,0,-310.7,Loss,0,80,7-1-1,compoundit
Open position,15548213,EURAUD.PRO,5,Sell,1.61832,1.65031,2023/12/28 20:05:01,1970/01/01 00:00:00,2023/12/28,1970/01/01,-10444.57,-149.92,-35,-10629.49,0,0,-319.9,Loss,0,0,,compoundit
Open position,15558034,EURGBP.PRO,0.5,Buy,0.8689,0.85305,2023/12/28 23:48:12,1970/01/01 00:00:00,2023/12/28,1970/01/01,-1001.02,-101.05,-3.5,-1105.57,0,0,-158.5,Loss,0,80,7-1-1,compoundit
Open position,15559546,AUDUSD.PRO,0.5,Buy,0.68261,0.65297,2023/12/29 01:31:06,1970/01/01 00:00:00,2023/12/29,1970/01/01,-1482,-62.06,-3.5,-1547.56,0,0,-296.4,Loss,0,80,7-1-1,compoundit
Open position,15568913,GBPNZD.PRO,0.5,Sell,2.0081,2.06586,2023/12/29 08:33:02,1970/01/01 00:00:00,2023/12/29,1970/01/01,-1765.99,-30.87,-3.5,-1800.36,0,0,-577.6,Loss,0,80,7-1-1S,compoundit
Open position,15570479,GBPAUD.PRO,0.5,Sell,1.8653,1.9346,2023/12/29 09:12:04,1970/01/01 00:00:00,2023/12/29,1970/01/01,-2262.61,-105.05,-3.5,-2371.16,0,0,-693,Loss,0,80,7-1-1S,compoundit
Open position,15593905,GBPCHF.PRO,0.5,Sell,1.06502,1.10112,2023/12/29 12:16:04,1970/01/01 00:00:00,2023/12/29,1970/01/01,-2070.69,-292.28,-3.5,-2366.47,0,0,-361.0,Loss,0,80,7-1-1S,compoundit
Open position,15593952,GBPCHF.PRO,0.5,Sell,1.06579,1.10112,2023/12/29 12:19:06,1970/01/01 00:00:00,2023/12/29,1970/01/01,-2026.52,-292.28,-3.5,-2322.30,0,0,-353.3,Loss,0,80,7-1-1S,compoundit
Open position,15603300,CADCHF.PRO,0.5,Sell,0.6305,0.64776,2023/12/29 14:32:04,1970/01/01 00:00:00,2023/12/29,1970/01/01,-990.03,-162.26,-3.5,-1155.79,0,0,-172.6,Loss,0,80,7-1-1S,compoundit
Open position,15603319,CADCHF.PRO,0.5,Sell,0.63114,0.64776,2023/12/29 14:36:03,1970/01/01 00:00:00,2023/12/29,1970/01/01,-953.32,-162.26,-3.5,-1119.08,0,0,-166.2,Loss,0,80,7-1-1S,compoundit
Open position,15604638,EURAUD.PRO,3,Sell,1.62948,1.65031,2023/12/29 14:50:42,1970/01/01 00:00:00,2023/12/29,1970/01/01,-4080.54,-87.22,-21,-4188.76,0,0,-208.3,Loss,0,80,P2-1,compoundit
Open position,15612667,CADCHF.PRO,0.5,Sell,0.63332,0.64776,2023/12/29 17:02:03,1970/01/01 00:00:00,2023/12/29,1970/01/01,-828.28,-162.26,-3.5,-994.04,0,0,-144.4,Loss,0,80,7-1-1S,compoundit
Open position,15612958,CADCHF.PRO,0.5,Sell,0.63406,0.64776,2023/12/29 17:10:08,1970/01/01 00:00:00,2023/12/29,1970/01/01,-785.83,-162.26,-3.5,-951.59,0,0,-137.0,Loss,0,80,7-1-1S,compoundit
Open position,15613093,GBPCHF.PRO,0.5,Sell,1.06763,1.10112,2023/12/29 17:25:06,1970/01/01 00:00:00,2023/12/29,1970/01/01,-1920.98,-292.28,-3.5,-2216.76,0,0,-334.9,Loss,0,80,7-1-1S,compoundit
Open position,15622950,USDCAD.PRO,0.5,Sell,1.31947,1.34578,2023/12/29 18:17:05,1970/01/01 00:00:00,2023/12/29,1970/01/01,-977.5,-46.93,-3.5,-1027.93,0,0,-263.1,Loss,0,80,7-1-1S,compoundit
Open position,15627502,GBPCHF.PRO,0.5,Sell,1.07104,1.10112,2023/12/29 19:00:10,1970/01/01 00:00:00,2023/12/29,1970/01/01,-1725.39,-292.28,-3.5,-2021.17,0,0,-300.8,Loss,0,80,7-1-1S,compoundit
Open position,15631910,USDCAD.PRO,0.5,Sell,1.32438,1.34578,2023/12/29 21:44:26,1970/01/01 00:00:00,2023/12/29,1970/01/01,-795.08,-46.93,-3.5,-845.51,0,0,-214.0,Loss,0,80,7-1-1S,compoundit
Open position,15643844,USDCHF.PRO,0.5,Sell,0.83977,0.87169,2024/01/02 01:00:04,1970/01/01 00:00:00,2024/01/02,1970/01/01,-1830.93,-227.33,-3.5,-2061.76,0,0,-319.2,Loss,0,80,7-1-1S,compoundit
Open position,15646670,USDCHF.PRO,0.5,Sell,0.842,0.87169,2024/01/02 03:06:04,1970/01/01 00:00:00,2024/01/02,1970/01/01,-1703.01,-227.33,-3.5,-1933.84,0,0,-296.9,Loss,0,80,7-1-1S,compoundit
Open position,15646675,USDCHF.PRO,0.5,Sell,0.84192,0.87169,2024/01/02 03:07:02,1970/01/01 00:00:00,2024/01/02,1970/01/01,-1707.6,-227.33,-3.5,-1938.43,0,0,-297.7,Loss,0,80,7-1-1S,compoundit
Open position,15648899,USDCAD.PRO,0.5,Sell,1.32503,1.34578,2024/01/02 05:12:07,1970/01/01 00:00:00,2024/01/02,1970/01/01,-770.93,-44.55,-3.5,-818.98,0,0,-207.5,Loss,0,80,7-1-1S,compoundit
Open position,15650538,AUDCHF.PRO,0.5,Buy,0.5756,0.56914,2024/01/02 05:42:07,1970/01/01 00:00:00,2024/01/02,1970/01/01,-370.57,60.76,-3.5,-313.31,0,0,-64.6,Loss,0,80,7-1-1,compoundit
Open position,15650540,AUDCHF.PRO,0.5,Buy,0.57561,0.56914,2024/01/02 05:43:05,1970/01/01 00:00:00,2024/01/02,1970/01/01,-371.14,60.76,-3.5,-313.88,0,0,-64.7,Loss,0,80,7-1-1,compoundit
Open position,15684160,GBPJPY.PRO,0.5,Sell,179.002,187.228,2024/01/02 18:31:03,1970/01/01 00:00:00,2024/01/02,1970/01/01,-2774.97,-399.03,-3.5,-3177.50,0,0,-822.6,Loss,0,80,7-1-1S,compoundit
Open position,15684336,AUDCHF.PRO,0.5,Buy,0.57427,0.56914,2024/01/02 18:47:08,1970/01/01 00:00:00,2024/01/02,1970/01/01,-294.28,60.76,-3.5,-237.02,0,0,-51.3,Loss,0,80,7-1-1,compoundit
Open position,15686239,GBPJPY.PRO,0.5,Sell,179.275,187.228,2024/01/02 20:06:03,1970/01/01 00:00:00,2024/01/02,1970/01/01,-2682.87,-399.03,-3.5,-3085.40,0,0,-795.3,Loss,0,80,7-1-1S,compoundit
Open position,15705300,GBPAUD.PRO,0.5,Sell,1.86942,1.9346,2024/01/03 05:09:03,1970/01/01 00:00:00,2024/01/03,1970/01/01,-2128.09,-96.4,-3.5,-2227.99,0,0,-651.8,Loss,0,80,7-1-1S,compoundit
Open position,15710896,GBPCHF.PRO,0.5,Sell,1.07512,1.10112,2024/01/03 09:16:05,1970/01/01 00:00:00,2024/01/03,1970/01/01,-1491.36,-269.47,-3.5,-1764.33,0,0,-260.0,Loss,0,80,7-1-1S,compoundit
Open position,15770873,CADCHF.PRO,0.5,Sell,0.63696,0.64776,2024/01/04 04:09:03,1970/01/01 00:00:00,2024/01/04,1970/01/01,-619.49,-136.45,-3.5,-759.44,0,0,-108.0,Loss,0,80,7-1-1S,compoundit
Open position,15779863,USDCAD.PRO,0.5,Sell,1.33226,1.34578,2024/01/04 09:15:02,1970/01/01 00:00:00,2024/01/04,1970/01/01,-502.31,-39.81,-3.5,-545.62,0,0,-135.2,Loss,0,80,7-1-1S,compoundit
Open position,15789431,EURUSD.PRO,0.5,Buy,1.09506,1.07754,2024/01/04 10:51:04,1970/01/01 00:00:00,2024/01/04,1970/01/01,-876,-92.54,-3.5,-972.04,0,0,-175.2,Loss,0,80,7-1-1,compoundit
Open position,15789442,EURUSD.PRO,0.5,Buy,1.09467,1.07754,2024/01/04 10:52:03,1970/01/01 00:00:00,2024/01/04,1970/01/01,-856.5,-92.54,-3.5,-952.54,0,0,-171.3,Loss,0,80,7-1-1,compoundit
Open position,15790331,EURUSD.PRO,0.5,Buy,1.0946,1.07754,2024/01/04 11:10:05,1970/01/01 00:00:00,2024/01/04,1970/01/01,-853,-92.54,-3.5,-949.04,0,0,-170.6,Loss,0,80,7-1-1,compoundit
Open position,15850886,GBPCAD.PRO,0.5,Sell,1.68965,1.69995,2024/01/05 15:31:51,1970/01/01 00:00:00,2024/01/05,1970/01/01,-382.68,-38.76,-3.5,-424.94,0,0,-103.0,Loss,0,80,7-1-1S,compoundit
Open position,15862889,USDCHF.PRO,0.5,Sell,0.84701,0.87169,2024/01/05 17:01:10,1970/01/01 00:00:00,2024/01/05,1970/01/01,-1415.64,-196.19,-3.5,-1615.33,0,0,-246.8,Loss,0,80,7-1-1S,compoundit
Open position,15863043,USDCHF.PRO,0.5,Sell,0.84682,0.87169,2024/01/05 17:02:03,1970/01/01 00:00:00,2024/01/05,1970/01/01,-1426.54,-196.19,-3.5,-1626.23,0,0,-248.7,Loss,0,80,7-1-1S,compoundit
Open position,15863054,AUDUSD.PRO,0.5,Buy,0.67394,0.65297,2024/01/05 17:02:06,1970/01/01 00:00:00,2024/01/05,1970/01/01,-1048.5,-50.58,-3.5,-1102.58,0,0,-209.7,Loss,0,80,7-1-1,compoundit
Open position,15863394,AUDUSD.PRO,0.5,Buy,0.67418,0.65297,2024/01/05 17:03:03,1970/01/01 00:00:00,2024/01/05,1970/01/01,-1060.5,-50.58,-3.5,-1114.58,0,0,-212.1,Loss,0,80,7-1-1,compoundit
Open position,15863409,USDJPY.PRO,0.5,Sell,144.186,148.218,2024/01/05 17:03:06,1970/01/01 00:00:00,2024/01/05,1970/01/01,-1360.16,-277.33,-3.5,-1640.99,0,0,-403.2,Loss,0,80,7-1-1S,compoundit
Open position,15863462,USDJPY.PRO,0.5,Sell,144.276,148.218,2024/01/05 17:04:03,1970/01/01 00:00:00,2024/01/05,1970/01/01,-1329.8,-277.33,-3.5,-1610.63,0,0,-394.2,Loss,0,80,7-1-1S,compoundit
Open position,15884398,USDJPY.PRO,0.5,Sell,144.714,148.218,2024/01/05 20:48:04,1970/01/01 00:00:00,2024/01/05,1970/01/01,-1182.04,-277.33,-3.5,-1462.87,0,0,-350.4,Loss,0,80,7-1-1S,compoundit
Open position,15925521,EURGBP.PRO,0.5,Buy,0.86204,0.85305,2024/01/08 11:49:13,1970/01/01 00:00:00,2024/01/08,1970/01/01,-567.77,-77.99,-3.5,-649.26,0,0,-89.9,Loss,0,80,7-1-1,compoundit
Open position,15925536,EURGBP.PRO,0.5,Buy,0.86202,0.85305,2024/01/08 11:50:03,1970/01/01 00:00:00,2024/01/08,1970/01/01,-566.51,-77.99,-3.5,-648.00,0,0,-89.7,Loss,0,80,7-1-1,compoundit
Open position,15938524,CADCHF.PRO,0.5,Sell,0.6328,0.64776,2024/01/08 17:48:04,1970/01/01 00:00:00,2024/01/08,1970/01/01,-858.1,-127.89,-3.5,-989.49,0,0,-149.6,Loss,0,80,7-3-1S,compoundit
Open position,15959188,CADCHF.PRO,0.5,Sell,0.63504,0.64776,2024/01/09 02:05:02,1970/01/01 00:00:00,2024/01/09,1970/01/01,-729.62,-123.6,-3.5,-856.72,0,0,-127.2,Loss,0,80,7-3-1S,compoundit
Open position,15964740,CADCHF.PRO,0.5,Sell,0.63446,0.64776,2024/01/09 03:46:03,1970/01/01 00:00:00,2024/01/09,1970/01/01,-762.89,-123.6,-3.5,-889.99,0,0,-133.0,Loss,0,80,7-3-1S,compoundit
Open position,15965367,USDJPY.PRO,0.75,Sell,143.599,148.218,2024/01/09 04:42:03,1970/01/01 00:00:00,2024/01/09,1970/01/01,-2337.27,-388.53,-5.25,-2731.05,0,0,-461.9,Loss,0,80,7-3-1S,compoundit
Open position,15965923,USDCHF.PRO,0.5,Sell,0.84659,0.87169,2024/01/09 05:17:09,1970/01/01 00:00:00,2024/01/09,1970/01/01,-1439.73,-183.73,-3.5,-1626.96,0,0,-251.0,Loss,0,80,7-3-1S,compoundit
Open position,15966010,USDCHF.PRO,0.5,Sell,0.84694,0.87169,2024/01/09 05:35:05,1970/01/01 00:00:00,2024/01/09,1970/01/01,-1419.66,-183.73,-3.5,-1606.89,0,0,-247.5,Loss,0,80,7-3-1S,compoundit
Open position,15966011,CADCHF.PRO,0.5,Sell,0.63454,0.64776,2024/01/09 05:35:06,1970/01/01 00:00:00,2024/01/09,1970/01/01,-758.3,-123.6,-3.5,-885.4,0,0,-132.2,Loss,0,80,7-3-1S,compoundit
Open position,15973499,USDCHF.PRO,0.5,Sell,0.84756,0.87169,2024/01/09 08:11:03,1970/01/01 00:00:00,2024/01/09,1970/01/01,-1384.09,-183.73,-3.5,-1571.32,0,0,-241.3,Loss,0,80,7-3-1S,compoundit
Open position,15984123,USDCHF.PRO,0.5,Sell,0.85089,0.87169,2024/01/09 14:22:07,1970/01/01 00:00:00,2024/01/09,1970/01/01,-1193.08,-183.73,-3.5,-1380.31,0,0,-208.0,Loss,0,80,7-3-1S,compoundit
Open position,16002578,USDJPY.PRO,1,Sell,144.437,148.218,2024/01/09 22:02:05,1970/01/01 00:00:00,2024/01/09,1970/01/01,-2550.97,-518.03,-7,-3076.00,0,0,-378.1,Loss,0,80,7-3-1S,compoundit
Open position,16004816,USDJPY.PRO,1,Sell,144.468,148.218,2024/01/09 23:50:07,1970/01/01 00:00:00,2024/01/09,1970/01/01,-2530.06,-518.03,-7,-3055.09,0,0,-375.0,Loss,0,80,7-3-1S,compoundit
Open position,16011477,CADJPY.PRO,1,Sell,107.81,110.141,2024/01/10 01:23:27,1970/01/01 00:00:00,2024/01/10,1970/01/01,-1572.69,-346.43,-7,-1926.12,0,0,-233.1,Loss,0,80,7-3-1S,compoundit
Open position,16014973,CADCHF.PRO,0.75,Sell,0.63671,0.64776,2024/01/10 03:36:06,1970/01/01 00:00:00,2024/01/10,1970/01/01,-950.74,-179.01,-5.25,-1135.00,0,0,-110.5,Loss,0,80,7-3-1S,compoundit
Open position,16017618,GBPNZD.PRO,0.75,Sell,2.03357,2.06586,2024/01/10 05:31:04,1970/01/01 00:00:00,2024/01/10,1970/01/01,-1480.87,-25.47,-5.25,-1511.59,0,0,-322.9,Loss,0,80,7-3-1S,compoundit
Open position,16019527,GBPNZD.PRO,1,Sell,2.03487,2.06586,2024/01/10 07:12:04,1970/01/01 00:00:00,2024/01/10,1970/01/01,-1895,-33.93,-7,-1935.93,0,0,-309.9,Loss,0,80,7-3-1S,compoundit
Open position,16020071,GBPAUD.PRO,0.5,Sell,1.89436,1.9346,2024/01/10 08:12:05,1970/01/01 00:00:00,2024/01/10,1970/01/01,-1313.81,-76.44,-3.5,-1393.75,0,0,-402.4,Loss,0,80,7-3-1S,compoundit
Open position,16025032,GBPAUD.PRO,0.75,Sell,1.89521,1.9346,2024/01/10 09:53:04,1970/01/01 00:00:00,2024/01/10,1970/01/01,-1929.09,-114.69,-5.25,-2049.03,0,0,-393.9,Loss,0,80,7-3-1S,compoundit
Open position,16031005,GBPAUD.PRO,1,Sell,1.89646,1.9346,2024/01/10 12:40:05,1970/01/01 00:00:00,2024/01/10,1970/01/01,-2490.51,-152.93,-7,-2650.44,0,0,-381.4,Loss,0,80,7-3-1S,compoundit
Open position,16057139,AUDNZD.PRO,2,Buy,1.07606,1.0678,2024/01/10 22:00:09,1970/01/01 00:00:00,2024/01/10,1970/01/01,-1010.12,-187.42,-14,-1211.54,0,0,-82.6,Loss,0,80,AUDNZD-B-1L,compoundit
Open position,16157714,GBPCAD.PRO,0.5,Sell,1.70471,1.69995,2024/01/12 10:46:02,1970/01/01 00:00:00,2024/01/12,1970/01/01,176.85,-30.55,-3.5,142.80,0,0,47.6,Win,0,80,7-1-1S,compoundit
Open position,16167564,GBPNZD.PRO,0.5,Sell,2.03705,2.06586,2024/01/12 15:36:03,1970/01/01 00:00:00,2024/01/12,1970/01/01,-880.85,-11.45,-3.5,-895.80,0,0,-288.1,Loss,0,80,7-1-1S,compoundit
Open position,16167642,GBPNZD.PRO,0.5,Sell,2.0375,2.06586,2024/01/12 15:37:04,1970/01/01 00:00:00,2024/01/12,1970/01/01,-867.1,-11.45,-3.5,-882.05,0,0,-283.6,Loss,0,80,7-1-1S,compoundit
Open position,16167683,GBPNZD.PRO,0.5,Sell,2.03732,2.06586,2024/01/12 15:38:04,1970/01/01 00:00:00,2024/01/12,1970/01/01,-872.6,-11.45,-3.5,-887.55,0,0,-285.4,Loss,0,80,7-1-1S,compoundit
Open position,16180240,GBPAUD.PRO,0.5,Sell,1.89898,1.9346,2024/01/12 16:50:09,1970/01/01 00:00:00,2024/01/12,1970/01/01,-1162.97,-65.08,-3.5,-1231.55,0,0,-356.2,Loss,0,80,7-1-1S,compoundit
Open position,16180276,GBPAUD.PRO,0.5,Sell,1.89902,1.9346,2024/01/12 16:51:06,1970/01/01 00:00:00,2024/01/12,1970/01/01,-1161.67,-65.08,-3.5,-1230.25,0,0,-355.8,Loss,0,80,7-1-1S,compoundit
Open position,16181033,GBPCHF.PRO,0.5,Sell,1.08489,1.10112,2024/01/12 17:20:08,1970/01/01 00:00:00,2024/01/12,1970/01/01,-930.95,-186.53,-3.5,-1120.98,0,0,-162.3,Loss,0,80,7-1-1S,compoundit
Open position,16187447,GBPNZD.PRO,0.5,Sell,2.03998,2.06586,2024/01/12 20:04:04,1970/01/01 00:00:00,2024/01/12,1970/01/01,-791.27,-11.45,-3.5,-806.22,0,0,-258.8,Loss,0,80,7-1-1S,compoundit
Open position,16188125,NZDCAD.PRO,0.5,Buy,0.83712,0.82284,2024/01/12 21:14:05,1970/01/01 00:00:00,2024/01/12,1970/01/01,-530.57,0.12,-3.5,-533.95,0,0,-142.8,Loss,0,80,7-3-1L,compoundit
Open position,16198455,NZDCAD.PRO,0.5,Buy,0.83642,0.82284,2024/01/15 01:03:04,1970/01/01 00:00:00,2024/01/15,1970/01/01,-504.56,0.69,-3.5,-507.37,0,0,-135.8,Loss,0,80,7-3-1L,compoundit
Open position,16202232,USDCHF.PRO,0.5,Sell,0.8535,0.87169,2024/01/15 02:35:04,1970/01/01 00:00:00,2024/01/15,1970/01/01,-1043.38,-146.46,-3.5,-1193.34,0,0,-181.9,Loss,0,80,7-1-1S,compoundit
Open position,16202462,NZDCAD.PRO,0.5,Buy,0.83537,0.82284,2024/01/15 02:51:03,1970/01/01 00:00:00,2024/01/15,1970/01/01,-465.55,0.69,-3.5,-468.36,0,0,-125.3,Loss,0,80,7-3-1L,compoundit
Open position,16211136,NZDCAD.PRO,0.5,Buy,0.83447,0.82284,2024/01/15 07:42:07,1970/01/01 00:00:00,2024/01/15,1970/01/01,-432.11,0.69,-3.5,-434.92,0,0,-116.3,Loss,0,80,7-3-1L,compoundit
Open position,16239529,USDCAD.PRO,0.5,Sell,1.34246,1.34578,2024/01/16 01:00:04,1970/01/01 00:00:00,2024/01/16,1970/01/01,-123.35,-27.92,-3.5,-154.77,0,0,-33.2,Loss,0,80,7-1-1S,compoundit
Open position,16422326,AUDCHF.PRO,0.5,Buy,0.56845,0.56914,2024/01/18 15:21:05,1970/01/01 00:00:00,2024/01/18,1970/01/01,39.58,31.02,-3.5,67.10,0,0,6.9,Win,0,80,7-1-1,compoundit
Open position,16479574,GBPAUD.PRO,0.68,Sell,1.92128,1.9346,2024/01/19 14:13:42,1970/01/01 00:00:00,2024/01/19,1970/01/01,-591.45,-62.56,-4.76,-658.77,0,0,-133.2,Loss,0,231011,N 0.40 H 231011 EHE,compoundit
Open position,16498639,GBPAUD.PRO,1,Sell,1.92576,1.9346,2024/01/19 20:11:05,1970/01/01 00:00:00,2024/01/19,1970/01/01,-577.25,-92,-7,-676.25,0,0,-88.4,Loss,0,80,7-3-1S,compoundit
Open position,16564234,CADCHF.PRO,1.5,Sell,0.64377,0.64776,2024/01/23 04:02:06,1970/01/01 00:00:00,2024/01/23,1970/01/01,-686.6,-191.69,-10.5,-888.79,0,0,-39.9,Loss,0,0,,compoundit
Open position,16568915,CADCHF.PRO,1,Sell,0.64381,0.64776,2024/01/23 06:01:06,1970/01/01 00:00:00,2024/01/23,1970/01/01,-453.14,-127.79,-7,-587.93,0,0,-39.5,Loss,0,80,7-3-1S,compoundit
Open position,16575129,USDCHF.PRO,0.75,Sell,0.86581,0.87169,2024/01/23 08:01:03,1970/01/01 00:00:00,2024/01/23,1970/01/01,-505.91,-143.3,-5.25,-654.46,0,0,-58.8,Loss,0,80,7-3-1S,compoundit
Open position,16602102,USDCHF.PRO,1,Sell,0.86905,0.87169,2024/01/23 14:53:02,1970/01/01 00:00:00,2024/01/23,1970/01/01,-302.86,-191.05,-7,-500.91,0,0,-26.4,Loss,0,80,7-3-1S,compoundit
Open position,16603570,EURAUD.PRO,3,Sell,1.64837,1.65031,2024/01/23 15:43:58,1970/01/01 00:00:00,2024/01/23,1970/01/01,-380.04,-30.41,-21,-431.45,0,0,-19.4,Loss,0,80,B,compoundit
Open position,16603580,USDCHF.PRO,1.5,Sell,0.86871,0.87169,2024/01/23 15:44:41,1970/01/01 00:00:00,2024/01/23,1970/01/01,-512.8,-286.58,-10.5,-809.88,0,0,-29.8,Loss,0,80,7-1-1S,compoundit
Open position,16603602,GBPJPY.PRO,1.5,Sell,188.086,187.228,2024/01/23 15:45:24,1970/01/01 00:00:00,2024/01/23,1970/01/01,868.32,-495.02,-10.5,362.80,0,0,85.8,Win,0,80,7-1-1S,compoundit
Open position,16610185,EURAUD.PRO,3,Sell,1.64865,1.65031,2024/01/23 17:14:09,1970/01/01 00:00:00,2024/01/23,1970/01/01,-325.19,-30.41,-21,-376.60,0,0,-16.6,Loss,0,80,B,compoundit
Open position,16621171,CADJPY.PRO,1,Sell,110.132,110.141,2024/01/23 20:34:04,1970/01/01 00:00:00,2024/01/23,1970/01/01,-6.07,-184.25,-7,-197.32,0,0,-0.9,Loss,0,80,7-3-1S,compoundit
Open position,16625985,CADCHF.PRO,1,Sell,0.64634,0.64776,2024/01/23 23:28:08,1970/01/01 00:00:00,2024/01/23,1970/01/01,-162.9,-127.79,-7,-297.69,0,0,-14.2,Loss,0,80,7-3-1S,compoundit
Open position,16643260,EURCHF.PRO,0.9,Buy,0.94296,0.93925,2024/01/24 10:30:03,1970/01/01 00:00:00,2024/01/24,1970/01/01,-383.06,66.24,-6.3,-323.12,0,0,-37.1,Loss,0,80,7-6-1L,compoundit
Open position,16644068,USDCAD.PRO,1.5,Sell,1.34499,1.34578,2024/01/24 10:57:40,1970/01/01 00:00:00,2024/01/24,1970/01/01,-88.05,-53.32,-10.5,-151.87,0,0,-7.9,Loss,0,80,7-1-1S,compoundit
Open position,16644173,NZDCAD.PRO,0.75,Buy,0.82412,0.82284,2024/01/24 11:01:06,1970/01/01 00:00:00,2024/01/24,1970/01/01,-71.34,0.58,-5.25,-76.01,0,0,-12.8,Loss,0,80,7-3-1L,compoundit
Open position,16653967,USDCHF.PRO,1.5,Sell,0.86429,0.87169,2024/01/24 13:02:27,1970/01/01 00:00:00,2024/01/24,1970/01/01,-1273.39,-267.6,-10.5,-1551.49,0,0,-74.0,Loss,0,80,7-1-1S,compoundit
Open position,16653973,USDCHF.PRO,1.5,Sell,0.86435,0.87169,2024/01/24 13:03:14,1970/01/01 00:00:00,2024/01/24,1970/01/01,-1263.06,-267.6,-10.5,-1541.16,0,0,-73.4,Loss,0,80,7-3-1S,compoundit
Open position,16654223,NZDCAD.PRO,1,Buy,0.82461,0.82284,2024/01/24 13:14:04,1970/01/01 00:00:00,2024/01/24,1970/01/01,-131.53,0.84,-7,-137.69,0,0,-17.7,Loss,0,80,7-3-1L,compoundit
Open position,16659571,EURCHF.PRO,1.1,Buy,0.94099,0.93925,2024/01/24 15:16:04,1970/01/01 00:00:00,2024/01/24,1970/01/01,-219.58,80.97,-7.7,-146.31,0,0,-17.4,Loss,0,80,7-6-1L,compoundit
Open position,16661352,USDJPY.PRO,1.5,Sell,146.986,148.218,2024/01/24 15:28:10,1970/01/01 00:00:00,2024/01/24,1970/01/01,-1246.81,-373.61,-10.5,-1630.92,0,0,-123.2,Loss,0,80,7-1-1S,compoundit
Open position,16661424,AUDUSD.PRO,1.5,Buy,0.66155,0.65297,2024/01/24 15:29:57,1970/01/01 00:00:00,2024/01/24,1970/01/01,-1287,-68.3,-10.5,-1365.8,0,0,-85.8,Loss,0,80,7-1-1,compoundit
Open position,16663236,EURUSD.PRO,1.5,Buy,1.09109,1.07754,2024/01/24 15:37:09,1970/01/01 00:00:00,2024/01/24,1970/01/01,-2032.5,-122.64,-10.5,-2165.64,0,0,-135.5,Loss,0,80,7-1-1,compoundit
Open position,16672164,GBPJPY.PRO,1.5,Sell,187.385,187.228,2024/01/24 16:33:47,1970/01/01 00:00:00,2024/01/24,1970/01/01,158.89,-462.18,-10.5,-313.79,0,0,15.7,Loss,0,80,7-1-1S,compoundit
Open position,16679504,GBPCAD.PRO,0.6,Buy,1.71854,1.69984,2024/01/24 19:58:05,1970/01/01 00:00:00,2024/01/24,1970/01/01,-833.75,-2.64,-4.2,-840.59,0,0,-187.0,Loss,0,80,7-6-1L,compoundit
Open position,16728742,EURAUD.PRO,3,Sell,1.64415,1.65031,2024/01/25 16:05:41,1970/01/01 00:00:00,2024/01/25,1970/01/01,-1206.73,-22.29,-21,-1250.02,0,0,-61.6,Loss,0,80,B,compoundit
Open position,16735447,EURCAD.PRO,1.1,Buy,1.46321,1.45007,2024/01/25 17:18:07,1970/01/01 00:00:00,2024/01/25,1970/01/01,-1074.07,-52.55,-7.7,-1134.32,0,0,-131.4,Loss,0,80,7-6-1L,compoundit
Open position,16764959,GBPCAD.PRO,1.1,Buy,1.71093,1.69984,2024/01/26 07:30:05,1970/01/01 00:00:00,2024/01/26,1970/01/01,-906.5,-3.42,-7.7,-917.62,0,0,-110.9,Loss,0,80,7-6-1L,compoundit
Open position,16770251,EURCAD.PRO,4,Sell,1.45771,1.45015,2024/01/26 10:00:05,1970/01/01 00:00:00,2024/01/26,1970/01/01,2247.02,60.1,-28,2279.12,0,0,75.6,Win,0,80,B,compoundit
Open position,16779294,CADCHF.PRO,0.5,Sell,0.64151,0.64776,2024/01/26 13:01:07,1970/01/01 00:00:00,2024/01/26,1970/01/01,-358.5,-42.63,-3.5,-404.63,0,0,-62.5,Loss,0,80,7-3-1S,compoundit
Open position,16811177,AUDNZD.PRO,4,Buy,1.0811,1.0678,2024/01/29 06:00:08,1970/01/01 00:00:00,2024/01/29,1970/01/01,-3252.92,-121.79,-28,-3402.71,0,0,-133,Loss,0,80,B,compoundit
Open position,16812227,AUDNZD.PRO,0.6,Buy,1.08039,1.0678,2024/01/29 08:06:04,1970/01/01 00:00:00,2024/01/29,1970/01/01,-461.89,-18.27,-4.2,-484.36,0,0,-125.9,Loss,0,80,7-6-1L,compoundit
Open position,16813149,AUDNZD.PRO,0.5,Buy,1.07961,1.0678,2024/01/29 09:32:07,1970/01/01 00:00:00,2024/01/29,1970/01/01,-361.06,-15.23,-3.5,-379.79,0,0,-118.1,Loss,0,80,7-6-1L,compoundit
Open position,16819174,EURCHF.PRO,2,Buy,0.9326,0.93925,2024/01/29 11:12:10,1970/01/01 00:00:00,2024/01/29,1970/01/01,1525.84,94.68,-14,1606.52,0,0,66.5,Win,0,80,7-6-1L,compoundit
Open position,16824205,GBPAUD.PRO,1.5,Sell,1.92371,1.9346,2024/01/29 13:36:53,1970/01/01 00:00:00,2024/01/29,1970/01/01,-1066.66,-72.91,-10.5,-1150.07,0,0,-108.9,Loss,0,80,7-1-1S,compoundit
Open position,16830020,GBPAUD.PRO,1.5,Sell,1.92254,1.9346,2024/01/29 15:32:32,1970/01/01 00:00:00,2024/01/29,1970/01/01,-1181.26,-72.91,-10.5,-1264.67,0,0,-120.6,Loss,0,80,7-1-1S,compoundit
Open position,16830195,GBPJPY.PRO,1.5,Sell,187.748,187.228,2024/01/29 15:40:08,1970/01/01 00:00:00,2024/01/29,1970/01/01,526.25,-297.25,-10.5,218.50,0,0,52.0,Win,0,80,7-1-1S,compoundit
Open position,16831849,GBPNZD.PRO,1.5,Sell,2.07667,2.06586,2024/01/29 15:53:58,1970/01/01 00:00:00,2024/01/29,1970/01/01,991.53,-11.8,-10.5,969.23,0,0,108.1,Win,0,80,7-1-1S,compoundit
Open position,16840533,USDJPY.PRO,2,Sell,147.664,148.218,2024/01/29 18:00:05,1970/01/01 00:00:00,2024/01/29,1970/01/01,-747.55,-320.37,-14,-1081.92,0,0,-55.4,Loss,0,80,7-1-1S,compoundit
Open position,16848018,AUDNZD.PRO,0.7,Buy,1.07812,1.0678,2024/01/29 22:10:07,1970/01/01 00:00:00,2024/01/29,1970/01/01,-441.71,-21.31,-4.9,-467.92,0,0,-103.2,Loss,0,80,7-6-1L,compoundit
Open position,16848036,GBPNZD.PRO,0.5,Sell,2.07223,2.06586,2024/01/29 22:11:04,1970/01/01 00:00:00,2024/01/29,1970/01/01,194.76,-3.93,-3.5,187.33,0,0,63.7,Win,0,80,7-3-1S,compoundit
Open position,16848207,AUDNZD.PRO,0.9,Buy,1.07695,1.0678,2024/01/29 22:16:04,1970/01/01 00:00:00,2024/01/29,1970/01/01,-503.53,-27.4,-6.3,-537.23,0,0,-91.5,Loss,0,80,7-6-1L,compoundit
Open position,16852136,AUDUSD.PRO,2,Buy,0.66117,0.65297,2024/01/29 23:00:05,1970/01/01 00:00:00,2024/01/29,1970/01/01,-1640,-58.5,-14,-1712.5,0,0,-82.0,Loss,0,80,7-1-1,compoundit
Open position,16854597,GBPNZD.PRO,0.75,Sell,2.07177,2.06586,2024/01/30 02:03:04,1970/01/01 00:00:00,2024/01/30,1970/01/01,271.05,-5.24,-5.25,260.56,0,0,59.1,Win,0,80,7-3-1S,compoundit
Open position,16857420,AUDCHF.PRO,1,Buy,0.57015,0.56914,2024/01/30 03:00:03,1970/01/01 00:00:00,2024/01/30,1970/01/01,-115.87,27.61,-7,-95.26,0,0,-10.1,Loss,0,80,7-1-1,compoundit
Open position,16858843,GBPNZD.PRO,1,Sell,2.07087,2.06586,2024/01/30 05:30:05,1970/01/01 00:00:00,2024/01/30,1970/01/01,306.36,-6.99,-7,292.37,0,0,50.1,Win,0,80,7-3-1S,compoundit
Open position,16861171,EURAUD.PRO,0.5,Sell,1.63582,1.65031,2024/01/30 07:43:05,1970/01/01 00:00:00,2024/01/30,1970/01/01,-473.09,-2.7,-3.5,-479.29,0,0,-144.9,Loss,0,80,7-1-1S,compoundit
Open position,16862701,EURCAD.PRO,2,Buy,1.4504,1.45007,2024/01/30 08:50:06,1970/01/01 00:00:00,2024/01/30,1970/01/01,-49.04,-69.5,-14,-132.54,0,0,-3.3,Loss,0,80,7-6-1L,compoundit
Open position,16871782,EURAUD.PRO,0.5,Sell,1.63862,1.65031,2024/01/30 11:12:04,1970/01/01 00:00:00,2024/01/30,1970/01/01,-381.68,-2.7,-3.5,-387.88,0,0,-116.9,Loss,0,80,7-1-1S,compoundit
Open position,16875240,EURGBP.PRO,2,Buy,0.85487,0.85305,2024/01/30 12:50:49,1970/01/01 00:00:00,2024/01/30,1970/01/01,-459.78,-83.17,-14,-556.95,0,0,-18.2,Loss,0,80,7-1-1,compoundit
Open position,16878669,EURGBP.PRO,1.5,Buy,0.85521,0.85305,2024/01/30 14:00:06,1970/01/01 00:00:00,2024/01/30,1970/01/01,-409.25,-62.4,-10.5,-482.15,0,0,-21.6,Loss,0,80,7-1-1,compoundit
Open position,16880098,EURUSD.PRO,2,Buy,1.08484,1.07754,2024/01/30 15:00:09,1970/01/01 00:00:00,2024/01/30,1970/01/01,-1460,-93.44,-14,-1567.44,0,0,-73.0,Loss,0,80,7-1-1,compoundit
Open position,16883345,CADCHF.PRO,2,Sell,0.64164,0.64776,2024/01/30 16:00:07,1970/01/01 00:00:00,2024/01/30,1970/01/01,-1404.17,-136.37,-14,-1554.54,0,0,-61.2,Loss,0,80,7-1-1S,compoundit
Open position,16922579,AUDNZD.PRO,1.1,Buy,1.07465,1.0678,2024/01/31 02:32:08,1970/01/01 00:00:00,2024/01/31,1970/01/01,-460.73,-26.02,-7.7,-494.45,0,0,-68.5,Loss,0,80,7-6-1L,compoundit
Open position,17063469,EURUSD.PRO,2,Buy,1.08094,1.07754,2024/02/01 17:00:09,1970/01/01 00:00:00,2024/02/01,1970/01/01,-680,-46.72,-14,-740.72,0,0,-34.0,Loss,0,80,7-1-1,compoundit
Open position,17084693,AUDUSD.PRO,2,Buy,0.65898,0.65297,2024/02/02 04:00:05,1970/01/01 00:00:00,2024/02/02,1970/01/01,-1202,-19.5,-14,-1235.5,0,0,-60.1,Loss,0,80,7-1-1,compoundit
Open position,17084699,GBPAUD.PRO,1.5,Sell,1.93426,1.9346,2024/02/02 04:00:10,1970/01/01 00:00:00,2024/02/02,1970/01/01,-33.3,-24.12,-10.5,-67.92,0,0,-3.4,Loss,0,80,7-1-1S,compoundit
Open position,17084843,EURAUD.PRO,0.5,Sell,1.64886,1.65031,2024/02/02 04:07:06,1970/01/01 00:00:00,2024/02/02,1970/01/01,-47.35,-1.01,-3.5,-51.86,0,0,-14.5,Loss,0,80,7-1-1S,compoundit
Open position,17084858,EURAUD.PRO,0.5,Sell,1.64915,1.65031,2024/02/02 04:08:02,1970/01/01 00:00:00,2024/02/02,1970/01/01,-37.88,-1.01,-3.5,-42.39,0,0,-11.6,Loss,0,80,7-1-1S,compoundit
Open position,17097635,GBPUSD.PRO,0.78,Buy,1.27663,1.26316,2024/02/02 12:04:08,1970/01/01 00:00:00,2024/02/02,1970/01/01,-1050.66,-4.77,-5.46,-1060.89,0,0,-134.7,Loss,0,80,7-6-1L,compoundit
Open position,17098162,GBPUSD.PRO,0.65,Buy,1.27559,1.26316,2024/02/02 13:12:03,1970/01/01 00:00:00,2024/02/02,1970/01/01,-807.95,-3.99,-4.55,-816.49,0,0,-124.3,Loss,0,80,7-6-1L,compoundit
Open position,17102678,CADCHF.PRO,0.78,Sell,0.63974,0.64776,2024/02/02 15:14:04,1970/01/01 00:00:00,2024/02/02,1970/01/01,-717.64,-19.81,-5.46,-742.91,0,0,-80.2,Loss,0,80,7-6-1S,compoundit
Open position,17102679,EURUSD.PRO,0.78,Buy,1.0884,1.07754,2024/02/02 15:14:05,1970/01/01 00:00:00,2024/02/02,1970/01/01,-847.08,-13.68,-5.46,-866.22,0,0,-108.6,Loss,0,80,7-6-1L,compoundit
Open position,17102806,CADCHF.PRO,0.65,Sell,0.64023,0.64776,2024/02/02 15:22:04,1970/01/01 00:00:00,2024/02/02,1970/01/01,-561.49,-16.51,-4.55,-582.55,0,0,-75.3,Loss,0,80,7-6-1S,compoundit
Open position,17103949,GBPCHF.PRO,0.5,Sell,1.09346,1.10112,2024/02/02 15:32:09,1970/01/01 00:00:00,2024/02/02,1970/01/01,-439.38,-23.21,-3.5,-466.09,0,0,-76.6,Loss,0,80,7-6-1S,compoundit
Open position,17103954,CADCHF.PRO,0.91,Sell,0.64174,0.64776,2024/02/02 15:32:10,1970/01/01 00:00:00,2024/02/02,1970/01/01,-628.46,-23.12,-6.37,-657.95,0,0,-60.2,Loss,0,80,7-6-1S,compoundit
Open position,17103959,EURUSD.PRO,0.65,Buy,1.08392,1.07754,2024/02/02 15:32:11,1970/01/01 00:00:00,2024/02/02,1970/01/01,-414.7,-11.4,-4.55,-430.65,0,0,-63.8,Loss,0,80,7-6-1L,compoundit
Open position,17103962,GBPUSD.PRO,0.91,Buy,1.27122,1.26316,2024/02/02 15:32:14,1970/01/01 00:00:00,2024/02/02,1970/01/01,-733.46,-5.58,-6.37,-745.41,0,0,-80.6,Loss,0,80,7-6-1L,compoundit
Open position,17104209,GBPUSD.PRO,1.16,Buy,1.2704,1.26316,2024/02/02 15:34:02,1970/01/01 00:00:00,2024/02/02,1970/01/01,-839.84,-7.11,-8.12,-855.07,0,0,-72.4,Loss,0,80,7-6-1L,compoundit
Open position,17104210,EURUSD.PRO,0.91,Buy,1.08251,1.07754,2024/02/02 15:34:03,1970/01/01 00:00:00,2024/02/02,1970/01/01,-452.27,-15.93,-6.37,-474.57,0,0,-49.7,Loss,0,80,7-6-1L,compoundit
Open position,17104214,CADCHF.PRO,1.16,Sell,0.64188,0.64776,2024/02/02 15:34:04,1970/01/01 00:00:00,2024/02/02,1970/01/01,-782.48,-29.48,-8.12,-820.08,0,0,-58.8,Loss,0,80,7-6-1S,compoundit
Open position,17104502,EURUSD.PRO,1.16,Buy,1.08157,1.07754,2024/02/02 15:36:09,1970/01/01 00:00:00,2024/02/02,1970/01/01,-467.48,-20.31,-8.12,-495.91,0,0,-40.3,Loss,0,80,7-6-1L,compoundit
Open position,17104507,GBPUSD.PRO,1.43,Buy,1.26856,1.26316,2024/02/02 15:36:10,1970/01/01 00:00:00,2024/02/02,1970/01/01,-772.2,-8.76,-10.01,-790.97,0,0,-54.0,Loss,0,80,7-6-1L,compoundit
Open position,17104588,EURUSD.PRO,1.43,Buy,1.08171,1.07754,2024/02/02 15:38:02,1970/01/01 00:00:00,2024/02/02,1970/01/01,-596.31,-25.05,-10.01,-631.37,0,0,-41.7,Loss,0,80,7-6-1L,compoundit
Open position,17121462,CADCHF.PRO,1.43,Sell,0.64333,0.64776,2024/02/02 17:54:04,1970/01/01 00:00:00,2024/02/02,1970/01/01,-726.73,-36.33,-10.01,-773.07,0,0,-44.3,Loss,0,80,7-6-1S,compoundit
Open position,17154014,EURGBP.PRO,1.5,Buy,0.85535,0.85305,2024/02/05 05:00:02,1970/01/01 00:00:00,2024/02/05,1970/01/01,-435.77,-15.5,-10.5,-461.77,0,0,-23.0,Loss,0,80,7-1-1,compoundit
Open position,17156993,GBPNZD.PRO,1,Sell,2.07587,2.06586,2024/02/05 08:00:07,1970/01/01 00:00:00,2024/02/05,1970/01/01,612.1,-1.74,-7,603.36,0,0,100.1,Win,0,80,7-1-1S,compoundit
Open position,17172483,GBPUSD.PRO,2.6,Buy,1.25768,1.26316,2024/02/05 13:36:04,1970/01/01 00:00:00,2024/02/05,1970/01/01,1424.8,-10.6,-18.2,1396.0,0,0,54.8,Win,0,80,7-6-1L,compoundit
Open position,17172736,GBPCAD.PRO,2.6,Buy,1.6955,1.69984,2024/02/05 13:54:02,1970/01/01 00:00:00,2024/02/05,1970/01/01,838.51,-1.62,-18.2,818.69,0,0,43.4,Win,0,80,7-6-1L,compoundit
Open position,17172906,GBPJPY.PRO,1.5,Sell,186.638,187.228,2024/02/05 14:00:09,1970/01/01 00:00:00,2024/02/05,1970/01/01,-597.09,-65.68,-10.5,-673.27,0,0,-59.0,Loss,0,80,7-1-1S,compoundit
Open position,17184042,EURUSD.PRO,2.6,Buy,1.07323,1.07754,2024/02/05 17:02:02,1970/01/01 00:00:00,2024/02/05,1970/01/01,1120.6,-30.36,-18.2,1072.04,0,0,43.1,Win,0,80,7-6-1L,compoundit
Open position,17188024,CADCHF.PRO,2,Sell,0.64289,0.64776,2024/02/05 17:30:07,1970/01/01 00:00:00,2024/02/05,1970/01/01,-1117.37,-33.83,-14,-1165.20,0,0,-48.7,Loss,0,80,7-1-1S,compoundit
Open position,17194301,AUDCHF.PRO,0.78,Sell,0.56437,0.5692,2024/02/05 20:00:13,1970/01/01 00:00:00,2024/02/05,1970/01/01,-432.2,-9.64,-5.46,-447.30,0,0,-48.3,Loss,0,80,7-6-1S,compoundit
Open position,17194452,EURGBP.PRO,0.78,Buy,0.85687,0.85305,2024/02/05 20:28:04,1970/01/01 00:00:00,2024/02/05,1970/01/01,-376.36,-8.06,-5.46,-389.88,0,0,-38.2,Loss,0,80,7-6-1L,compoundit
Open position,17196568,GBPCHF.PRO,0.6,Sell,1.09073,1.10112,2024/02/05 22:16:13,1970/01/01 00:00:00,2024/02/05,1970/01/01,-715.16,-18.55,-4.2,-737.91,0,0,-103.9,Loss,0,80,7-6-1S,compoundit
Open position,17197277,GBPCHF.PRO,0.5,Sell,1.09151,1.10112,2024/02/05 23:12:07,1970/01/01 00:00:00,2024/02/05,1970/01/01,-551.23,-15.45,-3.5,-570.18,0,0,-96.1,Loss,0,80,7-6-1S,compoundit
Open position,17200333,EURAUD.PRO,0.78,Buy,1.65761,1.65019,2024/02/06 01:54:06,1970/01/01 00:00:00,2024/02/06,1970/01/01,-377.91,-1.55,-5.46,-384.92,0,0,-74.2,Loss,0,80,7-6-1L,compoundit
Open position,17200398,NZDCAD.PRO,1,Buy,0.8199,0.82284,2024/02/06 02:02:06,1970/01/01 00:00:00,2024/02/06,1970/01/01,218.47,0.06,-7,211.53,0,0,29.4,Win,0,80,7-3-1L,compoundit
Open position,17200655,EURAUD.PRO,0.65,Buy,1.65668,1.65019,2024/02/06 02:46:07,1970/01/01 00:00:00,2024/02/06,1970/01/01,-275.45,-1.29,-4.55,-281.29,0,0,-64.9,Loss,0,80,7-6-1L,compoundit
Open position,17202967,AUDCHF.PRO,0.65,Sell,0.56486,0.5692,2024/02/06 03:34:04,1970/01/01 00:00:00,2024/02/06,1970/01/01,-323.63,-4.02,-4.55,-332.20,0,0,-43.4,Loss,0,80,7-6-1S,compoundit
Open position,17204391,EURAUD.PRO,0.91,Buy,1.65451,1.65019,2024/02/06 03:54:04,1970/01/01 00:00:00,2024/02/06,1970/01/01,-256.69,-1.8,-6.37,-264.86,0,0,-43.2,Loss,0,80,7-6-1L,compoundit
Open position,17204403,AUDCHF.PRO,0.91,Sell,0.56536,0.5692,2024/02/06 03:56:02,1970/01/01 00:00:00,2024/02/06,1970/01/01,-400.89,-5.63,-6.37,-412.89,0,0,-38.4,Loss,0,80,7-6-1S,compoundit
Open position,17212788,EURAUD.PRO,1.16,Buy,1.65185,1.65019,2024/02/06 05:32:05,1970/01/01 00:00:00,2024/02/06,1970/01/01,-125.74,-2.3,-8.12,-136.16,0,0,-16.6,Loss,0,80,7-6-1L,compoundit
Open position,17212786,AUDCHF.PRO,1.16,Sell,0.5662,0.5692,2024/02/06 05:32:05,1970/01/01 00:00:00,2024/02/06,1970/01/01,-399.23,-7.18,-8.12,-414.53,0,0,-30,Loss,0,80,7-6-1S,compoundit
Open position,17212801,EURAUD.PRO,2,Sell,1.65197,1.65031,2024/02/06 05:32:37,1970/01/01 00:00:00,2024/02/06,1970/01/01,216.79,-1.34,-14,201.45,0,0,16.6,Win,0,0,,compoundit
Open position,17212821,EURAUD.PRO,0.5,Sell,1.65278,1.65031,2024/02/06 05:33:11,1970/01/01 00:00:00,2024/02/06,1970/01/01,80.64,-0.34,-3.5,76.80,0,0,24.7,Win,0,80,7-1-1S,compoundit
Open position,17219767,GBPCHF.PRO,0.7,Sell,1.09272,1.10112,2024/02/06 10:06:04,1970/01/01 00:00:00,2024/02/06,1970/01/01,-674.56,-10.82,-4.9,-690.28,0,0,-84.0,Loss,0,80,7-6-1S,compoundit
Open position,17219814,EURGBP.PRO,0.65,Buy,0.85623,0.85305,2024/02/06 10:08:06,1970/01/01 00:00:00,2024/02/06,1970/01/01,-261.09,-3.37,-4.55,-269.01,0,0,-31.8,Loss,0,80,7-6-1L,compoundit
Open position,17224570,EURGBP.PRO,0.91,Buy,0.85541,0.85305,2024/02/06 11:42:07,1970/01/01 00:00:00,2024/02/06,1970/01/01,-271.27,-4.71,-6.37,-282.35,0,0,-23.6,Loss,0,80,7-6-1L,compoundit
Open position,17224569,GBPCHF.PRO,0.9,Sell,1.09431,1.10112,2024/02/06 11:42:07,1970/01/01 00:00:00,2024/02/06,1970/01/01,-703.11,-13.92,-6.3,-723.33,0,0,-68.1,Loss,0,80,7-6-1S,compoundit
Open position,17232080,EURUSD.PRO,0.78,Sell,1.07236,1.07755,2024/02/06 14:34:04,1970/01/01 00:00:00,2024/02/06,1970/01/01,-404.82,2.31,-5.46,-407.97,0,0,-51.9,Loss,0,80,7-6-1S,compoundit
Open position,17232330,EURUSD.PRO,0.65,Sell,1.07299,1.07755,2024/02/06 14:42:07,1970/01/01 00:00:00,2024/02/06,1970/01/01,-296.4,1.92,-4.55,-299.03,0,0,-45.6,Loss,0,80,7-6-1S,compoundit
Open position,17232511,USDJPY.PRO,0.78,Buy,148.644,148.217,2024/02/06 14:48:02,1970/01/01 00:00:00,2024/02/06,1970/01/01,-224.71,9.92,-5.46,-220.25,0,0,-42.7,Loss,0,80,7-6-1L,compoundit
Open position,17232562,GBPUSD.PRO,0.78,Sell,1.25569,1.26318,2024/02/06 14:52:03,1970/01/01 00:00:00,2024/02/06,1970/01/01,-584.22,-0.39,-5.46,-590.07,0,0,-74.9,Loss,0,80,7-6-1S,compoundit
Open position,17232915,USDJPY.PRO,0.65,Buy,148.499,148.217,2024/02/06 15:08:03,1970/01/01 00:00:00,2024/02/06,1970/01/01,-123.67,8.26,-4.55,-119.96,0,0,-28.2,Loss,0,80,7-6-1L,compoundit
Open position,17232920,GBPUSD.PRO,0.65,Sell,1.25718,1.26318,2024/02/06 15:08:09,1970/01/01 00:00:00,2024/02/06,1970/01/01,-390,-0.33,-4.55,-394.88,0,0,-60.0,Loss,0,80,7-6-1S,compoundit
Open position,17232919,EURUSD.PRO,0.91,Sell,1.07428,1.07755,2024/02/06 15:08:09,1970/01/01 00:00:00,2024/02/06,1970/01/01,-297.57,2.69,-6.37,-301.25,0,0,-32.7,Loss,0,80,7-6-1S,compoundit
Open position,17236111,USDCAD.PRO,0.78,Buy,1.35389,1.34573,2024/02/06 16:14:04,1970/01/01 00:00:00,2024/02/06,1970/01/01,-472.96,0.27,-5.46,-478.15,0,0,-81.6,Loss,0,80,7-6-1L,compoundit
Open position,17236196,GBPCHF.PRO,1.1,Sell,1.09717,1.10112,2024/02/06 16:16:07,1970/01/01 00:00:00,2024/02/06,1970/01/01,-498.46,-17.01,-7.7,-523.17,0,0,-39.5,Loss,0,80,7-6-1S,compoundit
Open position,17236377,AUDCHF.PRO,1.43,Sell,0.56761,0.5692,2024/02/06 16:26:07,1970/01/01 00:00:00,2024/02/06,1970/01/01,-260.85,-8.85,-10.01,-279.71,0,0,-15.9,Loss,0,80,7-6-1S,compoundit
Open position,17237641,EURGBP.PRO,1.16,Buy,0.85394,0.85305,2024/02/06 16:38:03,1970/01/01 00:00:00,2024/02/06,1970/01/01,-130.41,-6.01,-8.12,-144.54,0,0,-8.9,Loss,0,80,7-6-1L,compoundit
Open position,17237676,USDCAD.PRO,0.65,Buy,1.35329,1.34573,2024/02/06 16:40:07,1970/01/01 00:00:00,2024/02/06,1970/01/01,-365.15,0.22,-4.55,-369.48,0,0,-75.6,Loss,0,80,7-6-1L,compoundit
Open position,17237995,GBPUSD.PRO,0.91,Sell,1.25773,1.26318,2024/02/06 16:48:02,1970/01/01 00:00:00,2024/02/06,1970/01/01,-495.95,-0.46,-6.37,-502.78,0,0,-54.5,Loss,0,80,7-6-1S,compoundit
Open position,17238588,USDJPY.PRO,0.91,Buy,148.353,148.217,2024/02/06 17:08:05,1970/01/01 00:00:00,2024/02/06,1970/01/01,-83.5,11.57,-6.37,-78.30,0,0,-13.6,Loss,0,80,7-6-1L,compoundit
Open position,17239170,USDJPY.PRO,1.16,Buy,148.048,148.217,2024/02/06 17:20:13,1970/01/01 00:00:00,2024/02/06,1970/01/01,132.27,14.75,-8.12,138.90,0,0,16.9,Win,0,80,7-6-1L,compoundit
Open position,17239239,USDCAD.PRO,0.91,Buy,1.35185,1.34573,2024/02/06 17:22:07,1970/01/01 00:00:00,2024/02/06,1970/01/01,-413.84,0.31,-6.37,-419.90,0,0,-61.2,Loss,0,80,7-6-1L,compoundit
Open position,17240175,USDJPY.PRO,2,Sell,148.094,148.218,2024/02/06 18:00:11,1970/01/01 00:00:00,2024/02/06,1970/01/01,-167.32,-35.48,-14,-216.80,0,0,-12.4,Loss,0,80,7-1-1S,compoundit
Open position,17241793,USDCAD.PRO,1.16,Buy,1.34929,1.34573,2024/02/06 19:20:05,1970/01/01 00:00:00,2024/02/06,1970/01/01,-306.87,0.4,-8.12,-314.59,0,0,-35.6,Loss,0,80,7-6-1L,compoundit
Open position,17242640,NZDJPY.PRO,0.78,Sell,89.879,90.634,2024/02/06 19:40:05,1970/01/01 00:00:00,2024/02/06,1970/01/01,-397.32,-8.77,-5.46,-411.55,0,0,-75.5,Loss,0,80,7-6-1S,compoundit
Open position,17243922,EURAUD.PRO,1.43,Buy,1.64845,1.65019,2024/02/06 19:48:05,1970/01/01 00:00:00,2024/02/06,1970/01/01,162.47,-2.84,-10.01,149.62,0,0,17.4,Win,0,80,7-6-1L,compoundit
Open position,17243987,GBPUSD.PRO,1.16,Sell,1.25976,1.26318,2024/02/06 19:52:04,1970/01/01 00:00:00,2024/02/06,1970/01/01,-396.72,-0.58,-8.12,-405.42,0,0,-34.2,Loss,0,80,7-6-1S,compoundit
Open position,17246003,EURCAD.PRO,0.78,Sell,1.44943,1.45015,2024/02/06 22:00:05,1970/01/01 00:00:00,2024/02/06,1970/01/01,-41.73,1.17,-5.46,-46.02,0,0,-7.2,Loss,0,80,7-6-1S,compoundit
Open position,17246047,EURJPY.PRO,0.78,Sell,159.038,159.714,2024/02/06 22:06:03,1970/01/01 00:00:00,2024/02/06,1970/01/01,-355.76,-11.63,-5.46,-372.85,0,0,-67.6,Loss,0,80,7-6-1S,compoundit
Open position,17246446,EURCAD.PRO,0.65,Sell,1.45024,1.45015,2024/02/06 22:34:05,1970/01/01 00:00:00,2024/02/06,1970/01/01,4.35,0.97,-4.55,0.77,0,0,0.9,Win,0,80,7-6-1S,compoundit
Open position,17246871,GBPAUD.PRO,0.75,Sell,1.93115,1.9346,2024/02/06 23:32:19,1970/01/01 00:00:00,2024/02/06,1970/01/01,-168.96,-4.03,-5.25,-178.24,0,0,-34.5,Loss,0,80,7-3-1S,compoundit
Open position,17247211,NZDJPY.PRO,0.65,Sell,90.034,90.634,2024/02/06 23:46:08,1970/01/01 00:00:00,2024/02/06,1970/01/01,-263.13,-7.31,-4.55,-274.99,0,0,-60.0,Loss,0,80,7-6-1S,compoundit
Open position,17247227,NZDJPY.PRO,0.91,Sell,90.067,90.634,2024/02/06 23:48:03,1970/01/01 00:00:00,2024/02/06,1970/01/01,-348.12,-10.24,-6.37,-364.73,0,0,-56.7,Loss,0,80,7-6-1S,compoundit
Open position,17247290,NZDJPY.PRO,1.16,Sell,90.18,90.634,2024/02/06 23:54:07,1970/01/01 00:00:00,2024/02/06,1970/01/01,-355.32,-13.05,-8.12,-376.49,0,0,-45.4,Loss,0,80,7-6-1S,compoundit
Open position,17249679,USDJPY.PRO,1.43,Buy,147.767,148.217,2024/02/07 01:04:04,1970/01/01 00:00:00,2024/02/07,1970/01/01,434.16,0,-10.01,424.15,0,0,45.0,Win,0,80,7-6-1L,compoundit
Open position,17250832,EURUSD.PRO,1.16,Sell,1.07593,1.07755,2024/02/07 02:34:04,1970/01/01 00:00:00,2024/02/07,1970/01/01,-187.92,0,-8.12,-196.04,0,0,-16.2,Loss,0,80,7-6-1S,compoundit
Open position,17251006,EURJPY.PRO,0.65,Sell,159.137,159.714,2024/02/07 02:52:04,1970/01/01 00:00:00,2024/02/07,1970/01/01,-253.04,0,-4.55,-257.59,0,0,-57.7,Loss,0,80,7-6-1S,compoundit
Open position,17252675,CADJPY.PRO,0.78,Sell,109.624,110.141,2024/02/07 03:46:04,1970/01/01 00:00:00,2024/02/07,1970/01/01,-272.07,0,-5.46,-277.53,0,0,-51.7,Loss,0,80,7-6-1S,compoundit
Open position,17253749,EURUSD.PRO,2,Buy,1.07628,1.07754,2024/02/07 04:00:10,1970/01/01 00:00:00,2024/02/07,1970/01/01,252,0,-14,238,0,0,12.6,Win,0,80,7-1-1,compoundit
Open position,17253773,CADJPY.PRO,0.65,Sell,109.707,110.141,2024/02/07 04:04:05,1970/01/01 00:00:00,2024/02/07,1970/01/01,-190.33,0,-4.55,-194.88,0,0,-43.4,Loss,0,80,7-6-1S,compoundit
Open position,17253808,EURCHF.PRO,0.78,Sell,0.93593,0.9393,2024/02/07 04:14:07,1970/01/01 00:00:00,2024/02/07,1970/01/01,-301.55,0,-5.46,-307.01,0,0,-33.7,Loss,0,80,7-6-1S,compoundit
Open position,17253807,EURCHF.PRO,0.78,Sell,0.93593,0.9393,2024/02/07 04:14:07,1970/01/01 00:00:00,2024/02/07,1970/01/01,-301.55,0,-5.46,-307.01,0,0,-33.7,Loss,0,80,7-6-1S,compoundit
Open position,17261429,EURJPY.PRO,0.91,Sell,159.289,159.714,2024/02/07 08:28:04,1970/01/01 00:00:00,2024/02/07,1970/01/01,-260.93,0,-6.37,-267.30,0,0,-42.5,Loss,0,80,7-6-1S,compoundit
Open position,17261485,EURAUD.PRO,0.78,Sell,1.64787,1.65031,2024/02/07 08:34:02,1970/01/01 00:00:00,2024/02/07,1970/01/01,-124.27,0,-5.46,-129.73,0,0,-24.4,Loss,0,80,7-6-1S,compoundit
Open position,17261502,AUDCAD.PRO,0.78,Buy,0.88072,0.87867,2024/02/07 08:38:04,1970/01/01 00:00:00,2024/02/07,1970/01/01,-118.83,0,-5.46,-124.29,0,0,-20.5,Loss,0,80,7-6-1L,compoundit
Open position,17261696,EURAUD.PRO,0.65,Sell,1.64905,1.65031,2024/02/07 09:08:05,1970/01/01 00:00:00,2024/02/07,1970/01/01,-53.48,0,-4.55,-58.03,0,0,-12.6,Loss,0,80,7-6-1S,compoundit
Open position,17264949,EURCAD.PRO,0.91,Sell,1.45208,1.45015,2024/02/07 09:40:04,1970/01/01 00:00:00,2024/02/07,1970/01/01,130.51,0,-6.37,124.14,0,0,19.3,Win,0,80,7-6-1S,compoundit
Open position,17264973,EURCHF.PRO,0.65,Sell,0.93661,0.93931,2024/02/07 09:46:04,1970/01/01 00:00:00,2024/02/07,1970/01/01,-201.33,0,-4.55,-205.88,0,0,-27.0,Loss,0,80,7-6-1S,compoundit
Open position,17264974,EURCHF.PRO,0.65,Sell,0.93661,0.93931,2024/02/07 09:46:05,1970/01/01 00:00:00,2024/02/07,1970/01/01,-201.33,0,-4.55,-205.88,0,0,-27.0,Loss,0,80,7-6-1S,compoundit
Open position,17265085,AUDCAD.PRO,0.65,Buy,0.88016,0.87867,2024/02/07 09:54:02,1970/01/01 00:00:00,2024/02/07,1970/01/01,-71.97,0,-4.55,-76.52,0,0,-14.9,Loss,0,80,7-6-1L,compoundit
Open position,17265273,EURCHF.PRO,0.91,Sell,0.93716,0.93931,2024/02/07 10:02:03,1970/01/01 00:00:00,2024/02/07,1970/01/01,-224.45,0,-6.37,-230.82,0,0,-21.5,Loss,0,80,7-6-1S,compoundit
Open position,17265275,EURCHF.PRO,0.91,Sell,0.93711,0.93931,2024/02/07 10:02:04,1970/01/01 00:00:00,2024/02/07,1970/01/01,-229.66,0,-6.37,-236.03,0,0,-22.0,Loss,0,80,7-6-1S,compoundit
Open position,17265281,GBPUSD.PRO,1.43,Sell,1.26274,1.26318,2024/02/07 10:02:08,1970/01/01 00:00:00,2024/02/07,1970/01/01,-62.92,0,-10.01,-72.93,0,0,-4.4,Loss,0,80,7-6-1S,compoundit
Open position,17268664,CADJPY.PRO,0.91,Sell,109.827,110.141,2024/02/07 10:42:07,1970/01/01 00:00:00,2024/02/07,1970/01/01,-192.79,0,-6.37,-199.16,0,0,-31.4,Loss,0,80,7-6-1S,compoundit
Open position,17269063,AUDCAD.PRO,0.91,Buy,0.87929,0.87867,2024/02/07 11:00:10,1970/01/01 00:00:00,2024/02/07,1970/01/01,-41.93,0,-6.37,-48.30,0,0,-6.2,Loss,0,80,7-6-1L,compoundit
Open position,17270661,EURCHF.PRO,1.16,Sell,0.93936,0.93931,2024/02/07 12:14:04,1970/01/01 00:00:00,2024/02/07,1970/01/01,6.65,0,-8.12,-1.47,0,0,0.5,Loss,0,80,7-6-1S,compoundit
Open position,17270662,EURCHF.PRO,1.16,Sell,0.93936,0.93931,2024/02/07 12:14:04,1970/01/01 00:00:00,2024/02/07,1970/01/01,6.65,0,-8.12,-1.47,0,0,0.5,Loss,0,80,7-6-1S,compoundit
Open position,17271182,EURAUD.PRO,0.91,Sell,1.65097,1.65031,2024/02/07 12:28:12,1970/01/01 00:00:00,2024/02/07,1970/01/01,39.22,0,-6.37,32.85,0,0,6.6,Win,0,80,7-6-1S,compoundit
Open position,17272031,NZDJPY.PRO,1.43,Sell,90.423,90.634,2024/02/07 13:24:10,1970/01/01 00:00:00,2024/02/07,1970/01/01,-203.57,0,-10.01,-213.58,0,0,-21.1,Loss,0,80,7-6-1S,compoundit
Open position,17274795,EURNZD.PRO,0.78,Sell,1.76252,1.76228,2024/02/07 14:00:15,1970/01/01 00:00:00,2024/02/07,1970/01/01,11.45,0,-5.46,5.99,0,0,2.4,Win,0,80,7-6-1S,compoundit
Open position,17274940,GBPAUD.PRO,0.78,Buy,1.93592,1.93446,2024/02/07 14:12:03,1970/01/01 00:00:00,2024/02/07,1970/01/01,-74.36,0,-5.46,-79.82,0,0,-14.6,Loss,0,80,7-6-1L,compoundit
Open position,17274944,EURJPY.PRO,1.16,Sell,159.574,159.714,2024/02/07 14:12:07,1970/01/01 00:00:00,2024/02/07,1970/01/01,-109.57,0,-8.12,-117.69,0,0,-14.0,Loss,0,80,7-6-1S,compoundit
Open position,17275211,AUDNZD.PRO,0.78,Sell,1.0677,1.06786,2024/02/07 14:18:05,1970/01/01 00:00:00,2024/02/07,1970/01/01,-7.64,0,-5.46,-13.10,0,0,-1.6,Loss,0,80,7-6-1S,compoundit
Open position,17275422,CADJPY.PRO,1.16,Sell,109.995,110.141,2024/02/07 14:32:04,1970/01/01 00:00:00,2024/02/07,1970/01/01,-114.26,0,-8.12,-122.38,0,0,-14.6,Loss,0,80,7-6-1S,compoundit
Open position,17275438,CADCHF.PRO,0.78,Buy,0.64751,0.64772,2024/02/07 14:34:06,1970/01/01 00:00:00,2024/02/07,1970/01/01,18.79,0,-5.46,13.33,0,0,2.1,Win,0,80,7-6-1L,compoundit
Open position,17277119,EURGBP.PRO,0.78,Sell,0.85278,0.85307,2024/02/07 15:02:03,1970/01/01 00:00:00,2024/02/07,1970/01/01,-28.57,0,-5.46,-34.03,0,0,-2.9,Loss,0,80,7-6-1S,compoundit
Open position,17277144,USDCAD.PRO,1.43,Buy,1.34617,1.34573,2024/02/07 15:04:04,1970/01/01 00:00:00,2024/02/07,1970/01/01,-46.76,0,-10.01,-56.77,0,0,-4.4,Loss,0,80,7-6-1L,compoundit
Open position,17277295,GBPAUD.PRO,0.65,Buy,1.9346,1.93446,2024/02/07 15:10:03,1970/01/01 00:00:00,2024/02/07,1970/01/01,-5.94,0,-4.55,-10.49,0,0,-1.4,Loss,0,80,7-6-1L,compoundit
